/*
SQLyog Enterprise v12.09 (64 bit)
MySQL - 10.1.9-MariaDB : Database - bdchuquiago
*********************************************************************
*/

/*!40101 SET NAMES utf8 */;

/*!40101 SET SQL_MODE=''*/;

/*!40014 SET @OLD_UNIQUE_CHECKS=@@UNIQUE_CHECKS, UNIQUE_CHECKS=0 */;
/*!40014 SET @OLD_FOREIGN_KEY_CHECKS=@@FOREIGN_KEY_CHECKS, FOREIGN_KEY_CHECKS=0 */;
/*!40101 SET @OLD_SQL_MODE=@@SQL_MODE, SQL_MODE='NO_AUTO_VALUE_ON_ZERO' */;
/*!40111 SET @OLD_SQL_NOTES=@@SQL_NOTES, SQL_NOTES=0 */;
CREATE DATABASE /*!32312 IF NOT EXISTS*/`bdchuquiago` /*!40100 DEFAULT CHARACTER SET utf8 */;

USE `bdchuquiago`;

/*Table structure for table `asignatura` */

DROP TABLE IF EXISTS `asignatura`;

CREATE TABLE `asignatura` (
  `id_asignatura` bigint(11) NOT NULL AUTO_INCREMENT,
  `nombre_asignatura` varchar(50) CHARACTER SET utf8 COLLATE utf8_spanish2_ci NOT NULL,
  `sigla` varchar(7) CHARACTER SET utf8 COLLATE utf8_spanish2_ci NOT NULL,
  `estado` bigint(1) NOT NULL DEFAULT '1',
  PRIMARY KEY (`id_asignatura`)
) ENGINE=InnoDB AUTO_INCREMENT=17 DEFAULT CHARSET=utf8;

/*Data for the table `asignatura` */

insert  into `asignatura`(`id_asignatura`,`nombre_asignatura`,`sigla`,`estado`) values (1,'matematicas','mat',1),(2,'lengua castellana originaria','org',1),(3,'biologia','bio',1),(4,'geografia','geo',1),(5,'fisica','fis',1),(6,'quimica','qmc',1),(7,'filosofia','fil',1),(8,'psicologia','psi',1),(9,'ciencias sociales','cso',1),(10,'educacion musical','mus',1),(11,'lengua extranjera','len',1),(12,'educacion fisica','edu',1),(13,'artes plasticas y visuales','art',1),(14,'tecnica tegnologica general','tec',1),(15,'valores espiritualidad y religiones','rel',1),(16,'computacion informatica','inf',1);

/*Table structure for table `citacion` */

DROP TABLE IF EXISTS `citacion`;

CREATE TABLE `citacion` (
  `id_citacion` int(11) NOT NULL AUTO_INCREMENT,
  `tipo` varchar(10) CHARACTER SET utf8 COLLATE utf8_spanish2_ci NOT NULL,
  `citacion` varchar(20) CHARACTER SET utf8 COLLATE utf8_spanish2_ci NOT NULL,
  `fecha` datetime NOT NULL,
  `estado` tinyint(1) NOT NULL DEFAULT '1',
  `id_kardex` bigint(20) DEFAULT NULL,
  PRIMARY KEY (`id_citacion`),
  KEY `id_kardex` (`id_kardex`),
  CONSTRAINT `citacion_ibfk_1` FOREIGN KEY (`id_kardex`) REFERENCES `kardex` (`id_kardex`)
) ENGINE=InnoDB DEFAULT CHARSET=utf8;

/*Data for the table `citacion` */

/*Table structure for table `curso` */

DROP TABLE IF EXISTS `curso`;

CREATE TABLE `curso` (
  `id_curso` int(11) NOT NULL AUTO_INCREMENT,
  `grado` varchar(20) NOT NULL,
  `paralelo` varchar(8) NOT NULL,
  `estado` tinyint(1) NOT NULL DEFAULT '1',
  PRIMARY KEY (`id_curso`)
) ENGINE=InnoDB AUTO_INCREMENT=31 DEFAULT CHARSET=utf8;

/*Data for the table `curso` */

insert  into `curso`(`id_curso`,`grado`,`paralelo`,`estado`) values (1,'1RO','A',1),(2,'1RO','B',1),(3,'1RO','C',1),(4,'1RO','D',1),(5,'1RO','E',1),(6,'2DO','A',1),(7,'2DO','B',1),(8,'2DO','C',1),(9,'2DO','D',1),(10,'2DO','E',1),(11,'3RO','A',1),(12,'3RO','B',1),(13,'3RO','C',1),(14,'3RO','D',1),(15,'3RO','E',1),(16,'4TO','A',1),(17,'4TO','B',1),(18,'4TO','C',1),(19,'4TO','D',1),(20,'4TO','E',1),(21,'5TO','A',1),(22,'5TO','B',1),(23,'5TO','C',1),(24,'5TO','D',1),(25,'5TO','E',1),(26,'6TO','A',1),(27,'6TO','B',1),(28,'6TO','C',1),(29,'6TO','D',1),(30,'6TO','E',1);

/*Table structure for table `docente` */

DROP TABLE IF EXISTS `docente`;

CREATE TABLE `docente` (
  `id_docente` int(11) NOT NULL AUTO_INCREMENT,
  `ci` varchar(20) NOT NULL,
  `nombre` varchar(50) CHARACTER SET utf8 COLLATE utf8_spanish2_ci NOT NULL,
  `paterno` varchar(45) CHARACTER SET utf8 COLLATE utf8_spanish2_ci NOT NULL,
  `materno` varchar(45) CHARACTER SET utf8 COLLATE utf8_spanish2_ci NOT NULL,
  `celular` varchar(12) CHARACTER SET utf8 COLLATE utf8_spanish2_ci NOT NULL,
  `estado` tinyint(1) NOT NULL DEFAULT '1',
  `id_user` bigint(20) DEFAULT NULL,
  PRIMARY KEY (`id_docente`),
  UNIQUE KEY `ci_UNIQUE` (`ci`),
  UNIQUE KEY `id_user_UNIQUE` (`id_user`)
) ENGINE=InnoDB AUTO_INCREMENT=46 DEFAULT CHARSET=utf8;

/*Data for the table `docente` */

insert  into `docente`(`id_docente`,`ci`,`nombre`,`paterno`,`materno`,`celular`,`estado`,`id_user`) values (1,'123456','Administrador','admin','admin','61173339',1,1),(2,'10001','LEONARDA','ACARAPI',' NINA','1111111',1,2),(3,'10002','VICTORIA ','MAMANI ','CONDORI','1111111',1,3),(4,'10003','PATRICIA ','CUTIPA ','GARCIA','1111111',1,4),(5,'10004','VICENTA NORHA ','USNAYO',' ESPEJO','1111111',1,5),(6,'10005','LIDIA ','MUJICA ','BAUTISTA','1111111',1,6),(7,'10006','FLORENCIA','NINA ','MAYTA','1111111',1,7),(8,'10007','RUBEN ','GUTIERREZ ','CASTELLANOS','1111111',1,8),(9,'10008','ELISEO',' TAPIA ','ESPINOZA','1111111',1,9),(10,'10009','EMBLY ','MARIACA ','ALCOCER','1111111',1,10),(11,'10010','GLADYS ','PINAYA',' AYALA','1111111',1,11),(12,'10011','MARIBEL ','MANCACHI ','SALGADO','1111111',1,12),(13,'10012','DORA',' MICHEL ','RAMOS','1111111',1,13),(14,'10013','VICTOR ','CAMEO ','BORDA','1111111',1,14),(15,'10014','CUPERTINA',' TICONA ','CASTAÑO','1111111',1,15),(16,'10015','MARTHA FABIANA ','SOLORZANO ','CRUZ','1111111',1,16),(17,'10016','EULALIA MILENCA',' CARDENAS ','CARTAGENA','1111111',1,17),(18,'10017','ISAAC ','CALCINA ','QUISPE','1111111',1,18),(19,'10018','EDGAR',' QUISPE ','QUISPE','1111111',1,19),(20,'10019','DOMITILA ','CHOQUE ','MAMANI','1111111',1,20),(21,'10020','EFRAIN ','LAURA ','MAMANI','1111111',1,21),(22,'10021','CARMEN MIREYA ','ARAMAYO ','HERING','1111111',1,22),(23,'10022','MIRIAM',' MORALES ','CARI','1111111',1,23),(24,'10023','LILY ZULEMA',' CHAVEZ ','GORDILLO','1111111',1,24),(25,'10024','GABRIELA ADELAIDA ','GUZMAN ','ALE','1111111',1,25),(26,'10025','KEMPER ','MONROY ','ALIAGA','1111111',1,26),(27,'10026','ESTEBAN ','NINA',' HUALLPA','1111111',1,27),(28,'10027','JOSE ROSENDO',' ALIAGA ','ALCON','1111111',1,28),(29,'10028','ROSMERY ','VALDA ','TAPIA','1111111',1,29),(30,'10029','JULIO CESAR',' GUTIERREZ ','VELASQUEZ','1111111',1,30),(31,'10030','SANDRA ISABEL ','LAURA ','ARUQUIPA','1111111',1,31),(32,'10031','CLIMACO ','GUTIERREZ ','POMA','1111111',1,32),(33,'10032','ELOY ','RAMOS ','BERDEJA','1111111',1,33),(34,'10033','AQUILINO ','QUISPE ','CALDERON','1111111',1,34),(35,'10034','JUAN FERNANDO',' DELGADO ','MEDINA','1111111',1,35),(36,'10035','JAIME ','RIVERA ','PRUDENCIO','1111111',1,36),(37,'10036','MARIA DEL ROSARIO ','JIMENEZ ','VILA','1111111',1,37),(38,'10037','VIRGINIA ','GUZMAN ','CACHI','1111111',1,38),(39,'10038','JULIO WILFREDO ','HUCHANI ','COPAJA','1111111',1,39),(40,'10039','ENCARNACIÓN ','VILLA ','LEANDRO','1111111',1,40),(41,'10040','RUBEN ','ALARCON ','CORIA','1111111',1,41),(42,'10041','FELICIANO ','GALARZA ','GUZMAN','1111111',1,42),(43,'10042','DOLORES VENANCIA',' CACERES',' QUISPE','1111111',1,43),(44,'10043','FLORA ','LOPEZ ','LAURA','1111111',1,44),(45,'10044','URBANO',' LAIME ','AJACOPA','1111111',1,45);

/*Table structure for table `encargado` */

DROP TABLE IF EXISTS `encargado`;

CREATE TABLE `encargado` (
  `id_tutor` int(11) NOT NULL,
  `id_rude` int(20) NOT NULL,
  PRIMARY KEY (`id_tutor`,`id_rude`),
  KEY `id_rude1` (`id_rude`),
  CONSTRAINT `id_rude1` FOREIGN KEY (`id_rude`) REFERENCES `estudiante` (`id_rude`) ON DELETE CASCADE ON UPDATE CASCADE,
  CONSTRAINT `id_tutor1` FOREIGN KEY (`id_tutor`) REFERENCES `tutor` (`id_tutor`) ON DELETE CASCADE ON UPDATE CASCADE
) ENGINE=InnoDB DEFAULT CHARSET=utf8;

/*Data for the table `encargado` */

insert  into `encargado`(`id_tutor`,`id_rude`) values (1,338),(1,339),(2,320),(3,342),(4,322),(5,325),(6,336),(7,46),(7,333),(8,337),(9,326),(10,326),(11,330),(12,334),(13,343),(14,331),(15,323),(16,321),(17,340),(18,328),(19,327),(20,332),(21,324);

/*Table structure for table `estudiante` */

DROP TABLE IF EXISTS `estudiante`;

CREATE TABLE `estudiante` (
  `id_rude` int(20) NOT NULL AUTO_INCREMENT,
  `nombre` varchar(50) CHARACTER SET utf8 COLLATE utf8_spanish2_ci NOT NULL,
  `paterno` varchar(45) CHARACTER SET utf8 COLLATE utf8_spanish2_ci DEFAULT NULL,
  `materno` varchar(45) CHARACTER SET utf8 COLLATE utf8_spanish2_ci DEFAULT NULL,
  `sexo` varchar(45) CHARACTER SET utf8 COLLATE utf8_spanish2_ci NOT NULL,
  `fecha_nac` date NOT NULL,
  `domicilio` varchar(200) CHARACTER SET utf8 COLLATE utf8_spanish2_ci NOT NULL DEFAULT 's/dir',
  `estado` tinyint(1) NOT NULL DEFAULT '1',
  `id_user` bigint(4) DEFAULT NULL,
  PRIMARY KEY (`id_rude`)
) ENGINE=InnoDB AUTO_INCREMENT=493 DEFAULT CHARSET=utf8;

/*Data for the table `estudiante` */

insert  into `estudiante`(`id_rude`,`nombre`,`paterno`,`materno`,`sexo`,`fecha_nac`,`domicilio`,`estado`,`id_user`) values (1,' NOEMI','CAHUASIQUITA','','F','2002-09-15','s/dir',1,NULL),(2,'YHAIR ALEX','MARTINEZ ','','M','2002-09-16','s/dir',1,NULL),(3,'JOYCE NICOLE','APAZA ','QUISPE ','F','2002-09-17','s/dir',1,NULL),(4,'SHARI DANITZA','CACHI ','MAMANI ','F','2002-09-18','s/dir',1,NULL),(5,'BRIGIDA','CALLE ','LAYME ','F','2002-09-19','s/dir',1,NULL),(6,'NOEMY','CHOQUE ','MAMANI ','F','2002-09-20','s/dir',1,NULL),(7,'YONHZ BRAYAN','COLQUE',' QUIQUISANI ','M','2002-09-21','s/dir',1,NULL),(8,'CRISTIAN DEYBITH','CONDO ','INGALA ','M','2002-09-22','s/dir',1,NULL),(9,'YHOSELIN','CRUZ ','YUJRA ','F','2002-09-23','s/dir',1,NULL),(10,' ISRAEL HERIBERTO','FERNANDEZ ','QUISPE','M','2002-09-24','s/dir',1,NULL),(11,'DORIAN STANLY','GARCIA ','LOPEZ ','M','2002-09-25','s/dir',1,NULL),(12,'RAUL','GAVINCHA ','URUÑO ','M','2002-09-26','s/dir',1,NULL),(13,'JHONNY FREDDY','GUAMAN',' ESTRADA ','M','2002-09-27','s/dir',1,NULL),(14,'JOHANN MIGUEL','IQUISI ','BLANCO ','M','2002-09-28','s/dir',1,NULL),(15,'JUAN PEDRO','ISIDRO ','MAMANI ','F','2002-09-29','s/dir',1,NULL),(16,'DIEGO','JANCO ','ACHO ','M','2002-09-30','s/dir',1,NULL),(17,'JUAN PEDRO','LOPEZ',' MAMANI ','M','2002-10-01','s/dir',1,NULL),(18,'ADAI ZULEMA','MAMANI ','SANCHEZ ','F','2002-10-02','s/dir',1,NULL),(19,'ALEX JHOEL','ORUÑO ','BUSTILLOS ','M','2002-10-03','s/dir',1,NULL),(20,'MICHELLE JHOVANA','PARI ','MAMANI ','F','2002-10-04','s/dir',1,NULL),(21,'SARA ANAHI','POMA ','CATARI ','F','2002-10-05','s/dir',1,NULL),(22,' VIDAL','POMA ','LOPEZ','M','2002-10-06','s/dir',1,NULL),(23,'NINEL','QUISPE ','CHINO ','F','2002-10-07','s/dir',1,NULL),(24,'EMILY ROUSS','QUISPE ','ROSA ','F','2002-10-08','s/dir',1,NULL),(25,'BAYORI BRIYET','SARZURI ','MAMANI ','F','2002-10-09','s/dir',1,NULL),(26,'CAMILA ANGELES','YUJRA ','RAMOS ','F','2002-10-10','s/dir',1,NULL),(27,'MELISSA','CHIPANA ','BRENDA ','F','2002-10-02','s/dir',1,NULL),(28,'ALVARO JHOSMAR','AQUINO ','MAMANI ','M','2002-10-03','s/dir',1,NULL),(29,'FLOR MARIZA','CASTILLO ','MAMANI ','F','2002-10-04','s/dir',1,NULL),(30,'YAMIL RICARDO','CAVIÑA ','FLORES ','M','2002-10-05','s/dir',1,NULL),(31,'HELEN CLARA','CHAMBI ','MARTINEZ ','F','2002-10-06','s/dir',1,NULL),(32,'BELCAN JOSUE','CHAVEZ ','CHOQUE ','M','2002-10-07','s/dir',1,NULL),(33,'ERIKA','ESCALANTE ','TANGARA ','F','2002-10-08','s/dir',1,NULL),(34,'MONICA','ESCALANTE ','TANGARA ','F','2002-10-09','s/dir',1,NULL),(35,'HECTOR BENJAMIN','FABIAN ','QUISBERTH ','M','2002-10-10','s/dir',1,NULL),(36,'GARI','FUENTES ','MUÑOZ ','M','2002-10-11','s/dir',1,NULL),(37,'ALIZON NOELIA','HERRERA ','CALLISAYA ','F','2002-10-12','s/dir',1,NULL),(38,'KEVIN','LAURA ','CHIPANA ','M','2002-10-13','s/dir',1,NULL),(39,'ROSAURA','LAURA ','FLORES ','F','2002-10-14','s/dir',1,NULL),(40,'MICHELLE','MARINO ','SOTO ','F','2002-10-15','s/dir',1,NULL),(41,'YUREM CARLOS','MITA ','ZUÑAGUA ','M','2002-10-16','s/dir',1,NULL),(42,'LUIS FERNANDO','NINA ','ILLANES ','M','2002-10-17','s/dir',1,NULL),(43,'MAYDA NASHIRA','OLGUIN ','LAZARO ','F','2002-10-18','s/dir',1,NULL),(44,'ALEJANDRO','POMA ','MAMANI ','M','2002-10-19','s/dir',1,NULL),(45,'OSCAR RICARDO','POMA ','TICONA ','M','2002-10-20','s/dir',1,NULL),(46,'ERLAN DAVID','QUESO ','CHOQUE ','M','2002-10-21','s/dir',1,NULL),(47,'CARLOS DANIEL','SELAEZ ','FERNANDEZ ','M','2002-10-22','s/dir',1,NULL),(48,'SHOLY ZHANAMA','VILLAVICENCIO ','SAINZ ','F','2002-10-23','s/dir',1,NULL),(49,'ZURIMANA','YUPANQUI ','BUSTILLO ','F','2002-10-24','s/dir',1,NULL),(50,'NARDA BELEN','ZUAZO ','BARRIONUEVO ','F','2002-10-25','s/dir',1,NULL),(51,'ZALET ROSIO','ZUAZO ','BARRIONUEVO ','F','2002-10-26','s/dir',1,NULL),(52,'EVA SELENA','BARRIONUEVO ','SURCO ','F','2002-10-02','s/dir',1,NULL),(53,'THAIS ARIANE','CALLE ','SACAMA ','F','2002-10-03','s/dir',1,NULL),(54,'EVO ALAN','CALLISAYA ','CARRASCO ','M','2002-10-04','s/dir',1,NULL),(55,'VIDAL','CHOQUE ','ZAMORA ','M','2002-10-05','s/dir',1,NULL),(56,'ANGELICA','CHOQUEHUANCA ','GUASINAVE ','F','2002-10-06','s/dir',1,NULL),(57,'TIAGO LEONEL','CONDORI ','HUARITA ','M','2002-10-07','s/dir',1,NULL),(58,'JUANA','FERNANDEZ ','HINOJOSA ','F','2002-10-08','s/dir',1,NULL),(59,'EVER MANUEL','GARCIA ','CUTIÑA ','M','2002-10-09','s/dir',1,NULL),(60,'CAMILA DIANA','HUANCA ','BALTAZAR ','F','2002-10-10','s/dir',1,NULL),(61,'ANAHI PAMELA','HUANCA ','QUISPE ','F','2002-10-11','s/dir',1,NULL),(62,'JESUS','LAURA ','HUAYCHO ','M','2002-10-12','s/dir',1,NULL),(63,'GUSTAVO','LIMACHI ','ACARAPI ','M','2002-10-13','s/dir',1,NULL),(64,'JHOSELIN','LOZA ','MAMANI ','F','2002-10-14','s/dir',1,NULL),(65,'FRANCY ARIEL','MAMANI ','APANQUI ','M','2002-10-15','s/dir',1,NULL),(66,'CLAUDIA NATALIA','MARAZ ','MOLLERICON ','F','2002-10-16','s/dir',1,NULL),(67,'NAYELI ALICIA','MARCA ','CHINO ','F','2002-10-17','s/dir',1,NULL),(68,'HERBERT DOMINIC','PACO ','ANTEQUERA ','M','2002-10-18','s/dir',1,NULL),(69,'JHERALDIN DANIELA','PACOSILLO ','APAZA ','F','2002-10-19','s/dir',1,NULL),(70,'JACQUELINE','PEREZ ','MAYTA ','F','2002-10-20','s/dir',1,NULL),(71,'JOSUE RODRIGO','QUEA  ','YUJRA ','M','2002-10-21','s/dir',1,NULL),(72,'GABRIELA','ROCHA ','SILES ','F','2002-10-22','s/dir',1,NULL),(73,'ANDRES OMAR','SUMI ','GUZMAN ','M','2002-10-23','s/dir',1,NULL),(74,'MIGUEL ISAIAS','SURCI ','CUTTY ','M','2002-10-24','s/dir',1,NULL),(75,'MARIELA','TAPIA ','HELGUERO ','F','2002-10-25','s/dir',1,NULL),(76,'ANNAHY ANNETT','ALDUNATE ','REYNAGA ','F','2002-10-02','s/dir',1,NULL),(77,'MIGUEL ANGEL','APAZA ','APAZA ','M','2002-10-03','s/dir',1,NULL),(78,'URIAS','APAZA ','NINA ','M','2002-10-04','s/dir',1,NULL),(79,'JESSICA TATIANA','CAHUAYA ','CUMARA ','F','2002-10-05','s/dir',1,NULL),(80,'MAYRA VALERY','CHOQUE ','GUTIERREZ ','F','2002-10-06','s/dir',1,NULL),(81,'LIZVANIA','CHOQUE ','RAMIREZ ','F','2002-10-07','s/dir',1,NULL),(82,'MAYA KANTUTA','CONDORI ','APAZA ','F','2002-10-08','s/dir',1,NULL),(83,'WARA','CONDORI ','CATUNTA ','F','2002-10-09','s/dir',1,NULL),(84,'DARIO MILTON','CORINA ','LOPEZ ','M','2002-10-10','s/dir',1,NULL),(85,'JOSUE','ESCARZO ','CHOQUE ','M','2002-10-11','s/dir',1,NULL),(86,' NARDY','GUTIERREZ ','HUMEREZ','F','2002-10-12','s/dir',1,NULL),(87,'MILTON','MAMANI ','GONZALES ','M','2002-10-13','s/dir',1,NULL),(88,'NATALIA SILVIA','MEDINA ','CONDORI ','F','2002-10-14','s/dir',1,NULL),(89,'LESLY ESTEFANY','MIRANDA ','ZAMORA ','F','2002-10-15','s/dir',1,NULL),(90,'HUGO JHONATAN','PILLCO ','VILLALBA ','M','2002-10-16','s/dir',1,NULL),(91,'RESCHEL MISHEL','QUENTA ','PEREZ ','F','2002-10-17','s/dir',1,NULL),(92,'ROSALIA','QUISPE ','ARANCIBIA ','F','2002-10-18','s/dir',1,NULL),(93,'JESUS ANGEL','QUISPE ','BLANCO ','M','2002-10-19','s/dir',1,NULL),(94,'MIGUEL','QUISPE ','CAZAS ','M','2002-10-20','s/dir',1,NULL),(95,'JAVIER OSCAR','QUISPE ','QUINTANA ','M','2002-10-21','s/dir',1,NULL),(96,'CAROL ANDREA','ROQUE ','TARQUI ','F','2002-10-22','s/dir',1,NULL),(97,'MISHEL BRENDA','SALAS ','CARRILLO ','F','2002-10-23','s/dir',1,NULL),(98,'EDDY JHOSMAR','SALGADO ','POMA ','M','2002-10-24','s/dir',1,NULL),(99,'XIMENA','TOPOCO ','CEREZO ','F','2002-10-25','s/dir',1,NULL),(100,'KEVIN JHAMIL','VALERO ','CHAMBI ','M','2002-10-26','s/dir',1,NULL),(101,'JUAN JOSE','VASQUEZ ','BAUTISTA ','M','2002-10-27','s/dir',1,NULL),(102,'JOSE MIGUEL','ACARAPI ','PAUCARA ','M','2002-10-02','s/dir',1,NULL),(103,'NILO JOSUE','ARIZACA ','LAYMICUSI ','M','2002-10-03','s/dir',1,NULL),(104,'JOSUE GUSTAVO','BOSTENCIO ','QUISPE ','M','2002-10-04','s/dir',1,NULL),(105,'ALVARO FRANZ','CALLISAYA ','ALEJO ','M','2002-10-05','s/dir',1,NULL),(106,'NAYLA ADELA','CAYLLANTE ','PILLCO ','F','2002-10-06','s/dir',1,NULL),(107,'RICHARD','CHIPANA ','QUISPE ','M','2002-10-07','s/dir',1,NULL),(108,'ZINDEL KEYLA','CHOQUE ','CUSSI ','F','2002-10-08','s/dir',1,NULL),(109,'SELENE ','FERNANDEZ ','PARIGUANA ','F','2002-10-09','s/dir',1,NULL),(110,'HERNAN AUGUSTO','HUANCA ','SOLANO ','M','2002-10-10','s/dir',1,NULL),(111,'EVA LEYDI','HUARACHI ','ROJAS ','F','2002-10-11','s/dir',1,NULL),(112,'TAKESHY','MAMANI ','MAMANI ','M','2002-10-12','s/dir',1,NULL),(113,'JHAVELY CIELO','MAMANI ','MIRANDA ','F','2002-10-13','s/dir',1,NULL),(114,'JHOEL BRAYAN','MAMANI ','MOLLO ','M','2002-10-14','s/dir',1,NULL),(115,'MILENKA ISABEL','MEJIA ','COLQUE ','F','2002-10-15','s/dir',1,NULL),(116,'NAOMI ABIGAIL','MENDOZA ','SILVA ','F','2002-10-16','s/dir',1,NULL),(117,'WILDER','ORUÑO ','ORTEGA ','M','2002-10-17','s/dir',1,NULL),(118,'JUDITH VERONICA','POMA ','LIMACHI ','F','2002-10-18','s/dir',1,NULL),(119,'EDDY BRAYAN','QUISPE ','MAMANI ','M','2002-10-19','s/dir',1,NULL),(120,'ROSA ISELA','REDONDO ','CHOQUE ','F','2002-10-20','s/dir',1,NULL),(121,'MARCOS OLIVER','SIÑANI ','HURTADO ','M','2002-10-21','s/dir',1,NULL),(122,'RICHAR','TENORIO ','FERNANDEZ ','M','2002-10-22','s/dir',1,NULL),(123,'JONATHAN','TICONA ','FLORES ','M','2002-10-23','s/dir',1,NULL),(124,'BRANDON REMY','TRUJILLO ','MACHICADO ','M','2002-10-24','s/dir',1,NULL),(125,' NIUTON RICARDO','VILLCA ','CUTILE','M','2002-10-25','s/dir',1,NULL),(126,'DAYANA CRISTINA','YUCRA ','CHUQUIMIA ','F','2002-10-26','s/dir',1,NULL),(127,'MISHEL ARACELY','BALBOA ','MAMANI ','F','2001-06-15','s/dir',1,NULL),(128,'LEYDI LOYDA','CASILLA ','CHIAPANA ','F','2001-06-16','s/dir',1,NULL),(129,'IVAN','CHOQUE ','ROJAS ','M','2001-06-17','s/dir',1,NULL),(130,'LUIS ALEJANDRO','CONDORI ','ARENAS ','M','2001-06-18','s/dir',1,NULL),(131,'ARACELY ARLETH','CONDORI ','LOZA ','F','2001-06-19','s/dir',1,NULL),(132,'JHERMY ELLISSON','CUENTAS ','RAMOS ','M','2001-06-20','s/dir',1,NULL),(133,'WILLAMS JHAMIL','GARCIA ','CUTIÑA ','M','2001-06-21','s/dir',1,NULL),(134,'LITZY MELANI','GUTIERREZ ','QUISPE ','F','2001-06-22','s/dir',1,NULL),(135,' MARIELA DEL CARMEN','HUANCA ','PAUCARA','F','2001-06-23','s/dir',1,NULL),(136,'EDISON','MACHACA ','TOLA ','M','2001-06-24','s/dir',1,NULL),(137,'ALEX','MENDOZA ','SALGADO ','M','2001-06-25','s/dir',1,NULL),(138,'FRANZ JHOSTIN','OROZCO ','SALAZAR ','M','2001-06-26','s/dir',1,NULL),(139,'MARIBEL','PAREDEZ ','CHAMBI ','F','2001-06-27','s/dir',1,NULL),(140,'GABRIELA','POMA ','CALLE RUTH ','F','2001-06-28','s/dir',1,NULL),(141,' WILSON WILLIAM','PRADO ','MAMANI','M','2001-06-29','s/dir',1,NULL),(142,'WILDER MARIO','QUISPE ','CONDE ','M','2001-06-30','s/dir',1,NULL),(143,'DAISY ALEXANDRA','RAFAEL',' SOTO ','F','2001-07-01','s/dir',1,NULL),(144,'BRITANY SCARLET','RAMOS ','YUJRA ','F','2001-07-02','s/dir',1,NULL),(145,' KEVIN ALEJANDRO','SALGUEIRO',' LIMACHI','M','2001-07-03','s/dir',1,NULL),(146,'MAURICIO JUSTO','TAPIA ','HELGUERO ','M','2001-07-04','s/dir',1,NULL),(147,'ALISSON','TINTA',' TINTA ','F','2001-07-05','s/dir',1,NULL),(148,'FRANZ','TOLA',' ADUVIRI ','M','2001-07-06','s/dir',1,NULL),(149,'ERIKA','TOLA',' CALLE ','F','2001-07-07','s/dir',1,NULL),(150,'KEVIN OMAR','VARGAS ','MARIN ','M','2001-07-08','s/dir',1,NULL),(151,' EDELMIRA','SIÑANI ','DAYSSI','F','2001-07-08','s/dir',1,NULL),(152,' ANTHONY WILSON','ALA ','VERA','M','2001-07-09','s/dir',1,NULL),(153,'MAURO LUIS','ASISTIRI ','TICONA ','M','2001-07-10','s/dir',1,NULL),(154,'FLOR CAMILA','CADENA ','QUISBERT ','F','2001-07-11','s/dir',1,NULL),(155,'HELEN VANESSA','CHARCA ','MAMANI ','F','2001-07-12','s/dir',1,NULL),(156,'EDSON YHAMIL','CHUQUIMIA ','QUISPE ','M','2001-07-13','s/dir',1,NULL),(157,'JHOHANA','COPA ','CALCINA ','F','2001-07-14','s/dir',1,NULL),(158,'HEBERT','FUENTES',' MUÑOZ ','M','2001-07-15','s/dir',1,NULL),(159,'EYMI RUBI','GARCIA ','HIDALGO ','F','2001-07-16','s/dir',1,NULL),(160,'ALINA JHANETH','LLANQUI ','MEQUI ','F','2001-07-17','s/dir',1,NULL),(161,' KAREN','MAMANI ','AJNO','F','2001-07-18','s/dir',1,NULL),(162,'JOSE MANUEL','MAMANI ','CACHI ','M','2001-07-19','s/dir',1,NULL),(163,'DAVID','MAMANI ','CAZAS ','M','2001-07-20','s/dir',1,NULL),(164,'YHAIR ALEXIS','MAMANI',' QUISPE ','M','2001-07-21','s/dir',1,NULL),(165,'CLAUDIA','MARIACA ','CHOQUE ','F','2001-07-22','s/dir',1,NULL),(166,'ROGELIO','PAIRUMANI',' GUTIERREZ ','M','2001-07-23','s/dir',1,NULL),(167,'FANNY ERICKA','QUINO ','ROJAS ','F','2001-07-24','s/dir',1,NULL),(168,' JUAN ESTEBAN','QUISPE ','FERNANDEZ','M','2001-07-25','s/dir',1,NULL),(169,'ALAN EDWAR','SOTO ','APAZA ','M','2001-07-26','s/dir',1,NULL),(170,'BRAYAN GERALD','SUNTURA',' MOLLO ','M','2001-07-27','s/dir',1,NULL),(171,'EFRAIN DIMAS','TAPIA ','QUIROGA ','M','2001-07-28','s/dir',1,NULL),(172,'JUAN ARON','TOLA',' QUINTANILLA ','M','2001-07-29','s/dir',1,NULL),(173,'LINETH NATIVIDAD','VARGAS ','QUISPE ','F','2001-07-30','s/dir',1,NULL),(174,'ANDREA','ALVAREZ ','CALLEJAS ','F','2001-07-31','s/dir',1,NULL),(175,'SEBASTIAN','APAZA ','EVER ','M','2001-07-01','s/dir',1,NULL),(176,'JHONNY','AJLLAHUANCA',' PAUCARA ','M','2001-07-02','s/dir',1,NULL),(177,'MARIA DEL CARMEN POLET','ALA',' VERA ','F','2001-07-03','s/dir',1,NULL),(178,' YESSICA','BLANCO',' MENDOZA','F','2001-07-04','s/dir',1,NULL),(179,'EDSON DANIEL','CALSINA ','LAZO ','M','2001-07-05','s/dir',1,NULL),(180,'ADRIANA BELEN','COLQUE ','FLORES ','F','2001-07-06','s/dir',1,NULL),(181,' JOEL','CONDORI',' CESPEDES','M','2001-07-07','s/dir',1,NULL),(182,' LARICO ','CONDORI','ANDY','M','2001-07-08','s/dir',1,NULL),(183,'JOEL JORDAN','CONDORI',' MAMANI ','M','2001-07-09','s/dir',1,NULL),(184,'JHONNY IVAN','FERNANDEZ ','CHAMBI ','M','2001-07-10','s/dir',1,NULL),(185,'JHOEL ERWIN','FERNANDEZ ','TICONA ','M','2001-07-11','s/dir',1,NULL),(186,'MAURICIO EMANUEL','GARCIA ','LOPEZ ','M','2001-07-12','s/dir',1,NULL),(187,'DANIEL','GUTIERREZ',' ANGULO ','M','2001-07-13','s/dir',1,NULL),(188,'JHON FERNANDO','GUTIERREZ ','FERNANDEZ ','M','2001-07-14','s/dir',1,NULL),(189,' ARIEL','MAMANI ','ARUQUIPA','M','2001-07-15','s/dir',1,NULL),(190,'DANNER','MAMANI ','HUARANCA ','M','2001-07-16','s/dir',1,NULL),(191,' SHARAY STEFFANY','QUISBERT',' GIRONDA','F','2001-07-17','s/dir',1,NULL),(192,'MARY LUZ','QUISPE ','FLORES ','F','2001-07-18','s/dir',1,NULL),(193,'RONALD','ROCHA ','CONTRERAS ','M','2001-07-19','s/dir',1,NULL),(194,'JHONATAN HENRY','SANCHEZ ','QUISBERT ','M','2001-07-20','s/dir',1,NULL),(195,'PABLO AROLDO','TEJERINA',' RIVERO ','M','2001-07-21','s/dir',1,NULL),(196,'OLGINA','TICONA ','CONDORI ','F','2001-07-22','s/dir',1,NULL),(197,'NAYELI BETSABE','TICONA ','PORTUGAL ','F','2001-07-23','s/dir',1,NULL),(198,'NATALY GABRIELA','VILLCA',' CUTILE ','F','2001-07-24','s/dir',1,NULL),(199,' EMILI LUCIA','ACERO',' LAURA','F','2001-07-24','s/dir',1,NULL),(200,' LUIS FERNANDO','APAZA',' MACUCHAPI','M','2001-07-25','s/dir',1,NULL),(201,' JHOSELYN MARIELA','CALDERON ','RODRIGUEZ','F','2001-07-26','s/dir',1,NULL),(202,' CRISTIAN','CANO',' MAMANI','M','2001-07-27','s/dir',1,NULL),(203,'TANIA','CHOQUE',' MITA ','F','2001-07-28','s/dir',1,NULL),(204,' AYDEE','CRUZ ','CONDORI','F','2001-07-29','s/dir',1,NULL),(205,' BETHZABE ALIZON','ENCINAS ','TORREZ','F','2001-07-30','s/dir',1,NULL),(206,'RUDDY','ESPINOZA ','GOMEZ ','M','2001-07-31','s/dir',1,NULL),(207,'JOSE CARLOS','FERNANDEZ ','QUISPE ','M','2001-08-01','s/dir',1,NULL),(208,'DARWIN GEORGE','HUALLPA ','RAMOS ','M','2001-08-02','s/dir',1,NULL),(209,' LEIDY LAURA','LIMACHI ','ROMERO','F','2001-08-03','s/dir',1,NULL),(210,'IVAN PITER','LUGARANI ','CALLE ','M','2001-08-04','s/dir',1,NULL),(211,' GARY EMANUEL','MAMANI ','TANCARA','M','2001-08-05','s/dir',1,NULL),(212,'JORGE DANIEL','MAMANI ','TICONIPA ','M','2001-08-06','s/dir',1,NULL),(213,'BRAYAN','MAYTA ','VELASQUEZ ','M','2001-08-07','s/dir',1,NULL),(214,' YERCO NELSON','QUISPE ','ARUQUIPA','M','2001-08-08','s/dir',1,NULL),(215,'DEYSI VICTORIA','REDONDO',' CHOQUE ','F','2001-08-09','s/dir',1,NULL),(216,'JOSE LUIS','RONDO',' RONDO ','M','2001-08-10','s/dir',1,NULL),(217,' JONATAN','SILES ','VALDEZ','M','2001-08-11','s/dir',1,NULL),(218,'ANAYELY','SILVA ','QUISPE ','F','2001-08-12','s/dir',1,NULL),(219,' MELANY DEYNA','SOZA ','NINA','F','2001-08-13','s/dir',1,NULL),(220,' LAURA','VARGAS ','QUISPE','F','2001-08-14','s/dir',1,NULL),(221,'LUZ ALBA','ZELADA',' PEREZ ','F','2001-08-15','s/dir',1,NULL),(222,'ARNOLD MIJAIL','ALA ','VALLEJOS ','M','2004-08-24','s/dir',1,NULL),(223,'LUZ BRISEIDA','ARAPI',' AGUAYO ','F','2004-08-25','s/dir',1,NULL),(224,'SANDRO','BARRERA ','QUISPE ','M','2004-08-26','s/dir',1,NULL),(225,' ROCIO','CACHACA ','MARCA','F','2004-08-27','s/dir',1,NULL),(226,'VANESSA','CAMPOS ','ADUVIRI ','F','2004-08-28','s/dir',1,NULL),(227,'SHIRLEY DANIELA','CHOQUE ','ARUQUIPA ','F','2004-08-29','s/dir',1,NULL),(228,'YOHNS BEYMAR','COLQUE ','QUIQUISANI ','M','2004-08-30','s/dir',1,NULL),(229,'SINDEL BELEN','ESCOBAR ','COPA ','F','2004-08-31','s/dir',1,NULL),(230,'CRISTIAN JOSE','HUAYNOCA ','ADUVIRI ','M','2004-09-01','s/dir',1,NULL),(231,'DILAN SAMUEL','LAURA ','QUISPE ','M','2004-09-02','s/dir',1,NULL),(232,'DAVID','LOAYZA ','CORO ','M','2004-09-03','s/dir',1,NULL),(233,' BORIS SEBASTIAN','MACHACA',' QUISPE','M','2004-09-04','s/dir',1,NULL),(234,' VIDAL','MAMANI ','ARUQUIPA','M','2004-09-05','s/dir',1,NULL),(235,'SANDRO DANIEL','MAMANI ','ZARATE ','M','2004-09-06','s/dir',1,NULL),(236,'ALEX','MAYTA ','HUANCA ','M','2004-09-07','s/dir',1,NULL),(237,' DEYSI GISELA','PACO ','MEJIA','F','2004-09-08','s/dir',1,NULL),(238,'ESTEFANI YESICA','PACORICO ','TORREZ ','F','2004-09-09','s/dir',1,NULL),(239,'WILLIAM FERNANDO','RAMOS ','VILLCA ','M','2004-09-10','s/dir',1,NULL),(240,'DARLING JASMINA','ROJAS ','FLORES ','F','2004-09-11','s/dir',1,NULL),(241,'CLARA','RUIZ NINA',' LIZEYDA ','F','2004-09-12','s/dir',1,NULL),(242,'MARCO ANTONIO','TICONA ','CHOQUE ','M','2004-09-13','s/dir',1,NULL),(243,'CARLOS DANIEL','TRUJILLO',' PEÑA ','M','2004-09-14','s/dir',1,NULL),(244,'YESSICA EULALIA','VALLE ','SALGADO ','F','2004-09-15','s/dir',1,NULL),(245,'NINET GABRIELA','ZARATE',' BUSTAMANTE ','F','2004-09-16','s/dir',1,NULL),(246,' SOLEDAD','QUISPE',' ERIKA','F','2001-06-15','s/dir',1,NULL),(247,' NAYA CRISTINA','AGUAYO',' PALACIOS','F','2001-06-16','s/dir',1,NULL),(248,'GABRIELA','ANCALLI ','CHOQUE ','F','2001-06-17','s/dir',1,NULL),(249,'YOSELIN','CABIÑA ','TAMBO ','F','2001-06-18','s/dir',1,NULL),(250,'DANIELA ALEJANDRA','CAHUAYA ','RAMOS ','F','2001-06-19','s/dir',1,NULL),(251,'KEVIN','CHOQUE',' RAMOS ','M','2001-06-20','s/dir',1,NULL),(252,'JHOEL DHEYMAR','CHOQUE ','ROJAS ','M','2001-06-21','s/dir',1,NULL),(253,'ANGELES MARELI','CONDORI ','PATZI ','F','2001-06-22','s/dir',1,NULL),(254,'ABRAHAM','CRUZ ','HILARI ','M','2001-06-23','s/dir',1,NULL),(255,'JOSE LUIS','DIAZ ','MAMANI ','M','2001-06-24','s/dir',1,NULL),(256,'ROBERTO CARLOS','ESCALANTE ','TANGARA ','M','2001-06-25','s/dir',1,NULL),(257,'NICOLLE MARGARITA','FERNANDEZ ','CALLISAYA ','F','2001-06-26','s/dir',1,NULL),(258,'NELSON CESAR','HERBAS',' VILLCA ','M','2001-06-27','s/dir',1,NULL),(259,'JHAMILA MAGDALENA','HUALLPA',' RAMOS ','F','2001-06-28','s/dir',1,NULL),(260,' LUIS FERNANDO','LIMACHI ','ACARAPI','M','2001-06-29','s/dir',1,NULL),(261,' ROYER','MAMANI ','ALTAMIRANO','M','2001-06-30','s/dir',1,NULL),(262,' LIMBER','MAMANI ','CALLOCOSI','M','2001-07-01','s/dir',1,NULL),(263,'ALAN','MAMANI ','LIMACHI ','M','2001-07-02','s/dir',1,NULL),(264,'LUCY REYNA','PANKA ','LIMACHI ','F','2001-07-03','s/dir',1,NULL),(265,'GABRIEL','QUISPE ','CAZAS ','M','2001-07-04','s/dir',1,NULL),(266,'MELANY CINDEL','ROJAS ','HUARACHI ','F','2001-07-05','s/dir',1,NULL),(267,'GABRIELA','TARQUI ','GUTIERREZ ','F','2001-07-06','s/dir',1,NULL),(268,' MIRIAM ROCIO','TARQUIOLA',' MAMANI','F','2001-07-07','s/dir',1,NULL),(269,' CLARIBEL','TRUJILLO',' QUISPE','F','2001-07-08','s/dir',1,NULL),(270,'MARIELA','CHIPANA',' GLADIS ','F','2001-07-08','s/dir',1,NULL),(271,'ARIEL SHAROM','ALA',' VALLEJOS ','M','2001-07-09','s/dir',1,NULL),(272,'ALISON','APAZA ','APAZA ','F','2001-07-10','s/dir',1,NULL),(273,'CRISTIAN ALEJANDRO RAUL','CALLE ','GUTIERREZ ','M','2001-07-11','s/dir',1,NULL),(274,'SILVIA','CARRILLO ','LAZO ','F','2001-07-12','s/dir',1,NULL),(275,'JOSUE','CHAMBI ','NINA ','M','2001-07-13','s/dir',1,NULL),(276,'AMERICO HERLAN','CONDORI',' CATUNTA ','M','2001-07-14','s/dir',1,NULL),(277,'MERY ESTER','CORINA ','LOPEZ ','F','2001-07-15','s/dir',1,NULL),(278,'NOEMI DAMARIS','CORNEJO',' APAZA ','F','2001-07-16','s/dir',1,NULL),(279,'JUAN JAVIER','CUSI ','LIMARI ','M','2001-07-17','s/dir',1,NULL),(280,'KARLA ANDREA','FABIAN ','QUISBERTH ','F','2001-07-18','s/dir',1,NULL),(281,'RODRIGO JOSE','FELIPEZ ','CHOQUE ','M','2001-07-19','s/dir',1,NULL),(282,'ERVIN DAVID','FLORES ','CHOQUE ','M','2001-07-20','s/dir',1,NULL),(283,'BEATRIZ CLARA','GOMEZ',' CALLE ','F','2001-07-21','s/dir',1,NULL),(284,'SARAI','LIMACHI',' BENEGAS ','F','2001-07-22','s/dir',1,NULL),(285,'FRANZ','LIMACHI ','ROMERO ','M','2001-07-23','s/dir',1,NULL),(286,' LIZETH','MAMANI',' GONZALES','F','2001-07-24','s/dir',1,NULL),(287,'JORGE','MAMANI ','QUENALLATA ','M','2001-07-25','s/dir',1,NULL),(288,'PAOLA CARME','MAMANI ','TARQUI ','F','2001-07-26','s/dir',1,NULL),(289,'ALEXANDER','PAREDES ','MAMANI ','M','2001-07-27','s/dir',1,NULL),(290,'ESTEFANI MICHELLE','PATZI',' MOLLERICONA ','F','2001-07-28','s/dir',1,NULL),(291,' JUDITH NOEMI','POMA ','CONDORI','F','2001-07-29','s/dir',1,NULL),(292,'DIEGO ALEX','QUISPE ','TORREZ ','M','2001-07-30','s/dir',1,NULL),(293,'ALEXIA','TURPO ','HUARACHI ','F','2001-07-31','s/dir',1,NULL),(294,'ELIZABETH','URUÑA ','VASQUEZ ','F','2001-08-01','s/dir',1,NULL),(295,'BELEN','MAMANI',' VIVIANA ','F','2001-07-01','s/dir',1,NULL),(296,'CARLOS JAVIER','ANTONIO',' CANAVIRI ','M','2001-07-02','s/dir',1,NULL),(297,' MARIA','APAZA',' APAZA','F','2001-07-03','s/dir',1,NULL),(298,'SARA','APAZA ','APAZA ','F','2001-07-04','s/dir',1,NULL),(299,' YOLA','APAZA ','APAZA','F','2001-07-05','s/dir',1,NULL),(300,'MATEO JAVIER','CHOQUE',' VILLEGAS ','M','2001-07-06','s/dir',1,NULL),(301,'DEIBY','CONDORI',' SANJINES ','M','2001-07-07','s/dir',1,NULL),(302,'JUAN CARLOS','CORNEJO ','TANCARA ','M','2001-07-08','s/dir',1,NULL),(303,' REYDEN','CUBA',' KAPA','M','2001-07-09','s/dir',1,NULL),(304,' KEVIN','FLORES ','MURILLO','M','2001-07-10','s/dir',1,NULL),(305,' IVAN','MAMANI ','CALLE','M','2001-07-11','s/dir',1,NULL),(306,'EVER RUBEN','MAMANI',' FLORES ','M','2001-07-12','s/dir',1,NULL),(307,'CAROLINA ANTONIA','MAMANI',' MAMANI ','F','2001-07-13','s/dir',1,NULL),(308,' IRMA','MAMANI ','MAMANI','F','2001-07-14','s/dir',1,NULL),(309,'PERCY ','MAMANI',' MAMANI ','M','2001-07-15','s/dir',1,NULL),(310,' LIZETH','MAMANI',' MENDOZA','F','2001-07-16','s/dir',1,NULL),(311,'EUDIS SANDY','MAMANI ','VILLCA ','F','2001-07-17','s/dir',1,NULL),(312,'MAYRA LILIAN','MAMANI ','ZARATE ','F','2001-07-18','s/dir',1,NULL),(313,' ALISON','QUISBERT ','YUJRA','F','2001-07-19','s/dir',1,NULL),(314,'HAFID ANDRES','QUISPE ','VALLE ','M','2001-07-20','s/dir',1,NULL),(315,' JORGE RUBEN','RIOS ','HUAYNOCA','M','2001-07-21','s/dir',1,NULL),(316,'ENRIQUE GIOVANI','SOTO ','HUAYCHO ','M','2001-07-22','s/dir',1,NULL),(317,'ANA CRISTINA','TOLA',' LAURA ','F','2001-07-23','s/dir',1,NULL),(318,'MICHELI DIANA','URUÑO ','SIRPA ','F','2001-07-24','s/dir',1,NULL),(319,'HAYDEE ALEJANDRA','CALIZAYA ','QUISBERT ','F','2001-07-25','s/dir',1,NULL),(320,'JHOVANA','QUISPE ','','F','2001-07-24','s/dir',1,NULL),(321,' TANIA AYLIN','AJLLAHUANCA ','PAUCARA','F','2001-07-25','s/dir',1,NULL),(322,' FRANCIS MARCELA','CATARI ','SILVESTRE','F','2001-07-26','s/dir',1,NULL),(323,' NAYDELIN','CAVIÑA ','FLORES','F','2001-07-27','s/dir',1,NULL),(324,'YUDIT MAIDA','CHOQUE ','CONDORI ','F','2001-07-28','s/dir',1,NULL),(325,'ANTONIO ESTEBAN','CORTEZ',' LOPEZ ','M','2001-07-29','s/dir',1,NULL),(326,'GABRIEL LEONARDO','FERNANDEZ ','PAUCARA ','M','2001-07-30','s/dir',1,NULL),(327,' GABRIEL','GUAMAN',' ESTRADA','M','2001-07-31','s/dir',1,NULL),(328,'AVRIL KATHERIN','GUTIERREZ ','SILVESTRE ','F','2001-08-01','s/dir',1,NULL),(329,'YARMILA JAQUELINNE','KEA ','AGUILAR ','F','2001-08-02','s/dir',1,NULL),(330,' KEVIN GONZALO','MAMANI ','MARCA','M','2001-08-03','s/dir',1,NULL),(331,'NELSON YESIDD','MAYTA ','MONTOYA ','M','2001-08-04','s/dir',1,NULL),(332,'ANA ISABEL','MAYTA',' QUISPE ','F','2001-08-05','s/dir',1,NULL),(333,' CARLOS RODRIGO','QUESO',' CHOQUE','M','2001-08-06','s/dir',1,NULL),(334,' PAOLA ESTHER','QUISBERT ','GIRONDA','F','2001-08-07','s/dir',1,NULL),(335,'JHOYSI','RENGEL ','QUISPE ','F','2001-08-08','s/dir',1,NULL),(336,' JOMEL DARIO','SIÑANI ','ORELLANA','M','2001-08-09','s/dir',1,NULL),(337,' ANDERSON','SOZA ','NINA','M','2001-08-10','s/dir',1,NULL),(338,'ANGEL JOSUE','SURCI ','CUTTY ','M','2001-08-11','s/dir',1,NULL),(339,' ROSSIO ANGELA','SURCI ','CUTTY','F','2001-08-12','s/dir',1,NULL),(340,' ISELA','TANCARA',' CALLIZAYA','F','2001-08-13','s/dir',1,NULL),(341,'NAYELI KAREN','VALERO ','CHAMBI ','F','2001-08-14','s/dir',1,NULL),(342,'JHON LEONARDO','VELASCO ','CHOQUE ','M','2001-08-15','s/dir',1,NULL),(343,' BRANDON YAMIL','YUCRA ','CHUQUIMIA','M','2001-08-16','s/dir',1,NULL),(344,' ALEXI JERICO','ALDUNATE ','REYNAGA','M','2004-08-24','s/dir',1,NULL),(345,'AYLIN','CACHI',' RUIZ ','F','2004-08-25','s/dir',1,NULL),(346,'ROSALINDA','CACHI ','RUIZ ','F','2004-08-26','s/dir',1,NULL),(347,'RUBENS','CADENA ','POMA ','M','2004-08-27','s/dir',1,NULL),(348,'ROMEL','CHIPANA ','LIFONSO ','M','2004-08-28','s/dir',1,NULL),(349,'REMBERTO','CHOQUE',' BUSTILLOS ','M','2004-08-29','s/dir',1,NULL),(350,'RODRIGO','CUMARA ','CRUZ ','M','2004-08-30','s/dir',1,NULL),(351,'WILSON ELMER','CUSI ','CHOQUE ','M','2004-08-31','s/dir',1,NULL),(352,'CRISTIAN IVAN','FLORES ','TITO ','M','2004-09-01','s/dir',1,NULL),(353,'DEYMAR IVAN','FLORES ','TITO ','M','2004-09-02','s/dir',1,NULL),(354,' ANDY ABEL','HUANCA ','PALMA','M','2004-09-03','s/dir',1,NULL),(355,'ROSSI OLIVIA','LIMA',' FLORES ','F','2004-09-04','s/dir',1,NULL),(356,' EVA','LOPEZ',' HINOJOSA','F','2004-09-05','s/dir',1,NULL),(357,' MAYRA PRISCILA','MAMANI ','ANDIA','F','2004-09-06','s/dir',1,NULL),(358,' FRANK','MARINO ','SOTO','M','2004-09-07','s/dir',1,NULL),(359,' HILIAN JHASMIN ROCIO','MASSI ','POMA','F','2004-09-08','s/dir',1,NULL),(360,'GEOVANI','MEJIA ','FUENTES ','M','2004-09-09','s/dir',1,NULL),(361,'NOELIA SUMAYA','NINA ','PACHECO ','F','2004-09-10','s/dir',1,NULL),(362,'ERICK','ROMERO',' USCAMAYTA ','M','2004-09-11','s/dir',1,NULL),(363,'YAMILE IRENIA','RONDANO ','CONDORI ','F','2004-09-12','s/dir',1,NULL),(364,'BRAYAN DAVID','TAMBO ','GONZALES ','M','2004-09-13','s/dir',1,NULL),(365,'ERICK ROLANDO','TAPIA C','ONDORI ','M','2004-09-14','s/dir',1,NULL),(366,'JUDITH WARA','TICONA ','AGUILAR ','F','2004-09-15','s/dir',1,NULL),(367,'AMERICA BELEN','VALENCIA ','CALLE ','F','2004-09-16','s/dir',1,NULL),(368,' EVA','VICHINI',' HUALLPA','F','2004-09-17','s/dir',1,NULL),(369,' ANAHI SILVIA','AGUAYO ','FERNANDEZ','F','2001-06-15','s/dir',1,NULL),(370,'MOISES MARCOS','ALANOCA ','CRUZ ','M','2001-06-16','s/dir',1,NULL),(371,'MELANY','ARUQUIPA ','CAZU ','F','2001-06-17','s/dir',1,NULL),(372,'VANESA','BARRETO ','QUISPE ','F','2001-06-18','s/dir',1,NULL),(373,' YANIRA','CANO ','MAMANI','F','2001-06-19','s/dir',1,NULL),(374,' MAGALI JHOSELIN','CUENTAS ','PACO','F','2001-06-20','s/dir',1,NULL),(375,'ALVARO','LAURA ','FLORES ','M','2001-06-21','s/dir',1,NULL),(376,'ABRAHAM','LAURA ','HUAYCHO ','M','2001-06-22','s/dir',1,NULL),(377,'MIGUEL ANGEL','LAURA',' QUISPE ','M','2001-06-23','s/dir',1,NULL),(378,'HEIDY DANIELA','LIMARI ','MAMANI ','F','2001-06-24','s/dir',1,NULL),(379,'FERNANDO','LOPEZ ','COARITE ','M','2001-06-25','s/dir',1,NULL),(380,'CACHI ','MAMANI ','DANDY','M','2001-06-26','s/dir',1,NULL),(381,' BETO','MAMANI ','CARLO','M','2001-06-27','s/dir',1,NULL),(382,'OLIVIA','MAMANI',' GALLO ','F','2001-06-28','s/dir',1,NULL),(383,'YAMIL DANNER','MAMANI ','NINA ','M','2001-06-29','s/dir',1,NULL),(384,' MILENKA','MARIACA ','CHOQUE','F','2001-06-30','s/dir',1,NULL),(385,'CAMILA','MARQUEZ ','QUISPE ','F','2001-07-01','s/dir',1,NULL),(386,'CRISTHIAN WILFREDO','MOYA',' FLORES ','M','2001-07-02','s/dir',1,NULL),(387,'YURI','QUILLA',' QUISPE ','M','2001-07-03','s/dir',1,NULL),(388,' JHOSELIN','QUISPE ','ARUQUIPA','F','2001-07-04','s/dir',1,NULL),(389,'GUIDO','RAFAEL ','SOTO ','M','2001-07-05','s/dir',1,NULL),(390,'GARY ORLANDO','SILVA ','CONTRERAS ','M','2001-07-06','s/dir',1,NULL),(391,'JHAIL','TARQUI ','GUTIERREZ ','M','2001-07-07','s/dir',1,NULL),(392,'FERNANDO JOHN','TINTAYA ','BECERRA ','M','2001-07-08','s/dir',1,NULL),(393,'MATEO','RODRIGUEZ',' EDWIN ','M','2001-07-08','s/dir',1,NULL),(394,'JUDITH','AGUIRRE',' QUISPE ','F','2001-07-09','s/dir',1,NULL),(395,'KEVIN','ALAVE',' ILLANES ','M','2001-07-10','s/dir',1,NULL),(396,'LUCY','APAZA ','HUANCA ','F','2001-07-11','s/dir',1,NULL),(397,'JADELYN','BALBOA ','VILLCA ','F','2001-07-12','s/dir',1,NULL),(398,'CRISTIAN','CANAVIRI ','CONDORI ','M','2001-07-13','s/dir',1,NULL),(399,'RUTH','CANAVIRI ','CONDORI ','F','2001-07-14','s/dir',1,NULL),(400,'RIMBERT','CARVAJAL ','MEDRANO ','M','2001-07-15','s/dir',1,NULL),(401,'CAMILA ALISON','COARITE',' CONDORI ','F','2001-07-16','s/dir',1,NULL),(402,'SANDRA GUADALUPE','ESTEBAN',' MAMANI ','F','2001-07-17','s/dir',1,NULL),(403,'SARHA GUADALUPE','ESTEBAN ','MAMANI ','F','2001-07-18','s/dir',1,NULL),(404,'MAYLI PRICILA','FELIPEZ ','CHOQUE ','F','2001-07-19','s/dir',1,NULL),(405,'ESPERANZA KEYLA','FLORES ','MAMANI ','F','2001-07-20','s/dir',1,NULL),(406,'LIZETH ALEJANDRA','LOPEZ ','MAMANI ','F','2001-07-21','s/dir',1,NULL),(407,'ABEL','LUGARANI ','BAUTISTA ','M','2001-07-22','s/dir',1,NULL),(408,'BRYAN GABRIEL','NINA ','PACHECO ','M','2001-07-23','s/dir',1,NULL),(409,'JHON MARIO','NINA',' PIZA ','M','2001-07-24','s/dir',1,NULL),(410,'BRIGITTE ARACELY','QUENTA ','PEREZ ','F','2001-07-25','s/dir',1,NULL),(411,'DIEGO','QUISPE ','HUACARA ','M','2001-07-26','s/dir',1,NULL),(412,'GRICELDA NAYELI','QUISPE ','RAMIREZ ','F','2001-07-27','s/dir',1,NULL),(413,'JONATAN JARED','RODRIGUEZ ','CONDORI ','M','2001-07-28','s/dir',1,NULL),(414,'JHONATAN EFRAIN','SIRPA ','MAMANI ','M','2001-07-29','s/dir',1,NULL),(415,'DARWIN SALVADOR','ZELADA ','PEREZ ','M','2001-07-30','s/dir',1,NULL),(416,'KINBERLI ARACELY','ACARAPI ','QUINTANA ','F','2001-07-01','s/dir',1,NULL),(417,'JOSE ELIAS','APAZA ','APAZA ','M','2001-07-02','s/dir',1,NULL),(418,'JORGE LUIS','APAZA',' MAMANI ','M','2001-07-03','s/dir',1,NULL),(419,'ESDENKA','BALTAZAR ','BERNABE ','F','2001-07-04','s/dir',1,NULL),(420,'ROSE MARY','CACHI ','MAMANI ','F','2001-07-05','s/dir',1,NULL),(421,'JHON DILAN','CALDERON',' MAMANI ','M','2001-07-06','s/dir',1,NULL),(422,'CARLOS JAVIER','CANAVIRI ','HUARANCA ','M','2001-07-07','s/dir',1,NULL),(423,'ROLANDO','CHOQUE',' MITA ','M','2001-07-08','s/dir',1,NULL),(424,'ALEM WILLIAMS','COLQUE',' MAMANI ','M','2001-07-09','s/dir',1,NULL),(425,'ANAHI','CONDORI ','FERNANDEZ ','F','2001-07-10','s/dir',1,NULL),(426,'TERESA BELEN','FERNANDEZ',' QUISPE ','F','2001-07-11','s/dir',1,NULL),(427,'ALBERTO','GONZALES ','MAMANI ','M','2001-07-12','s/dir',1,NULL),(428,'NAJHELY','GUTIERREZ ','HUMEREZ ','F','2001-07-13','s/dir',1,NULL),(429,'ERIKA SALOME','LOPEZ ','VILLCA ','F','2001-07-14','s/dir',1,NULL),(430,'ALAN','LUGARANI ','BAUTISTA ','M','2001-07-15','s/dir',1,NULL),(431,'EZEQUIEL','MAMANI ','CAZAS ','M','2001-07-16','s/dir',1,NULL),(432,'YOSELIN','MAMANI',' MAMANI ','F','2001-07-17','s/dir',1,NULL),(433,'ARIEL RODRIGO','MARCA ','VARGAS ','M','2001-07-18','s/dir',1,NULL),(434,'ALEJANDRO PABLO','MITA ','VELASCO ','M','2001-07-19','s/dir',1,NULL),(435,'ISRAEL','ORDOÑES',' OJEDA ','M','2001-07-20','s/dir',1,NULL),(436,'LIZETH ERMINIA','POMA ','LIMACHI ','F','2001-07-21','s/dir',1,NULL),(437,'JHOSELIN MARITZA','SALGUEIRO',' LIMACHI ','F','2001-07-22','s/dir',1,NULL),(438,'MARIBEL','TENORIO',' FERNANDEZ ','F','2001-07-23','s/dir',1,NULL),(439,'DARLEY KEVIN','TICONA',' YAPUCHURA ','M','2001-07-24','s/dir',1,NULL),(440,'MIGUEL ANGEL','VALDEZ',' CONDORI ','M','2001-07-25','s/dir',1,NULL),(441,'ABIGAIL ELIANA','VARGAS',' MARIN ','F','2001-07-26','s/dir',1,NULL),(442,'RODRIGO','LOZA ','BEYMAR ','M','2001-07-24','s/dir',1,NULL),(443,'ABIGAIL MARIANA','ALARCON',' MAMANI ','F','2001-07-25','s/dir',1,NULL),(444,'LUIS MIGUEL','CHINO ','SARZURI ','M','2001-07-26','s/dir',1,NULL),(445,'ALIZON KAREN','CHUQUIMIA ','HUANCA ','F','2001-07-27','s/dir',1,NULL),(446,'NILDA PAMELA','CHURA ','CRUZ ','F','2001-07-28','s/dir',1,NULL),(447,'YESSICA','CRUZ ','MAGNANI ','F','2001-07-29','s/dir',1,NULL),(448,'VANESSA','FLORES ','ILLANES ','F','2001-07-30','s/dir',1,NULL),(449,'JHON ALEXANDER','GARCIA ','GUARACHI ','M','2001-07-31','s/dir',1,NULL),(450,'ERIKA','GOMEZ ','GUTIERREZ ','F','2001-08-01','s/dir',1,NULL),(451,'RENE ALVARO','HUANCA ','RAMOS ','M','2001-08-02','s/dir',1,NULL),(452,'KAY BRAYAN','LEAÑO ','HINOJOSA ','M','2001-08-03','s/dir',1,NULL),(453,'LUZ BELEN','LEAÑO ','HINOJOSA ','F','2001-08-04','s/dir',1,NULL),(454,'ANGELA ARACELY','MACHICADO ','MAMANI ','F','2001-08-05','s/dir',1,NULL),(455,'ESTEFANY','MACHICADO',' VILLCA ','F','2001-08-06','s/dir',1,NULL),(456,'NAYELI','MAMANI ','APAZA ','F','2001-08-07','s/dir',1,NULL),(457,'RUBEN ANGEL','MAMANI',' CHILLO ','M','2001-08-08','s/dir',1,NULL),(458,'BRAYAN','MOLINA',' CHAPETON ','M','2001-08-09','s/dir',1,NULL),(459,'IVAN','RAMOS',' LOPEZ ','M','2001-08-10','s/dir',1,NULL),(460,'NEYSA CAMILA','ROCHA',' SILES ','F','2001-08-11','s/dir',1,NULL),(461,'JESSICA','SULLCA',' CONDORI ','F','2001-08-12','s/dir',1,NULL),(462,' JERALDYNE MIKAELA','SUMA ','GUTIERREZ','F','2001-08-13','s/dir',1,NULL),(463,'MICAELA','SUMI',' SOLARES ','F','2001-08-14','s/dir',1,NULL),(464,'EDITH ESMERALDA','TORREZ ','LOPEZ ','F','2001-08-15','s/dir',1,NULL),(465,'KARLA MELANY','TRUJILLO',' PEÑA ','F','2001-08-16','s/dir',1,NULL),(466,'EDWIN LUIS','VARGAS ','MAYHUA ','M','2001-08-17','s/dir',1,NULL),(467,'CEILA','ACARAPI ','COLQUE ','F','2004-08-24','s/dir',1,NULL),(468,'LUIS FERNANDO','APAZA ','QUISPE ','M','2004-08-25','s/dir',1,NULL),(469,'LUIS DIEGO','APAZA ','YANARICO ','M','2004-08-26','s/dir',1,NULL),(470,'GHERALDINE','CHOQUE',' ZAMORA ','F','2004-08-27','s/dir',1,NULL),(471,'JOSE LUIS','CONDORI ','LEQUIPE ','M','2004-08-28','s/dir',1,NULL),(472,'SONIA GRISEL','COPA',' CALCINA ','F','2004-08-29','s/dir',1,NULL),(473,'MERY','COPA ','VASQUEZ ','F','2004-08-30','s/dir',1,NULL),(474,'JOAN SEBASTIAN','CORI ','MAMANI ','M','2004-08-31','s/dir',1,NULL),(475,'GUADALUPE','CORI',' QUISBERT ','F','2004-09-01','s/dir',1,NULL),(476,'MILENKA','CORTEZ',' POLO ','F','2004-09-02','s/dir',1,NULL),(477,'ALEXANDER ARIEL','CUENTAS ','MAMANI ','M','2004-09-03','s/dir',1,NULL),(478,'JHONATAN DIONY','ESCOBAR ','RIVEROS ','M','2004-09-04','s/dir',1,NULL),(479,'MOISES','FERNANDEZ',' IBARRA ','M','2004-09-05','s/dir',1,NULL),(480,'KATERIN','HUANCA ','MAMANI ','F','2004-09-06','s/dir',1,NULL),(481,'JUDITH','LIMACHI ','QUISPE ','F','2004-09-07','s/dir',1,NULL),(482,'LESLY ROCIO','MACUCHAPI ','DAVILA ','F','2004-09-08','s/dir',1,NULL),(483,'RAUL JUNIOR','MAMANI ','SALGADO ','M','2004-09-09','s/dir',1,NULL),(484,'FABIOLA','MARQUEZ',' CHOQUE ','F','2004-09-10','s/dir',1,NULL),(485,'JESSICA NAYELI','NINA ','QUENTA ','F','2004-09-11','s/dir',1,NULL),(486,'SIDNEY DEBBY','QUENTA ','MAMANI ','F','2004-09-12','s/dir',1,NULL),(487,'MARISABEL','ROCHA ','MAMANI ','F','2004-09-13','s/dir',1,NULL),(488,'ROSELIN','TICONA',' CONDORI ','F','2004-09-14','s/dir',1,NULL),(489,'ERICK','TINTAYA ','TOAQUI ','M','2004-09-15','s/dir',1,NULL),(490,'CARLOS','VARGAS ','BUSTILLOS ','M','2004-09-16','s/dir',1,NULL),(491,'JORGE LUIS','VIRACA',' MAMANI ','M','2004-09-17','s/dir',1,NULL),(492,'GIOVANNA EVELYN','YANA ','GUZMAN ','F','2004-09-18','s/dir',1,NULL);

/*Table structure for table `faltas` */

DROP TABLE IF EXISTS `faltas`;

CREATE TABLE `faltas` (
  `id_falta` int(11) NOT NULL AUTO_INCREMENT,
  `tipoFalta` varchar(50) CHARACTER SET utf8 COLLATE utf8_spanish2_ci DEFAULT NULL,
  `descripcion` varchar(200) CHARACTER SET utf8 COLLATE utf8_spanish2_ci DEFAULT NULL,
  `estado` tinyint(1) DEFAULT '1',
  PRIMARY KEY (`id_falta`)
) ENGINE=InnoDB AUTO_INCREMENT=26 DEFAULT CHARSET=utf8;

/*Data for the table `faltas` */

insert  into `faltas`(`id_falta`,`tipoFalta`,`descripcion`,`estado`) values (1,'leves','Falto a clases.',1),(2,'leves','Llega tarde a clases (atrasado).',1),(3,'leves','No trae material de estudio.',1),(4,'leves','No presenta  tareas, trabajos de investigación y trabajos prácticos.',1),(5,'leves','No dio examen de la asignatura',1),(6,'leves','Indisciplina en clases',1),(7,'leves','Incumple con normas de limpieza',1),(8,'leves','Falta de respeto a sus compañeros',1),(9,'leves','Falta de respeto a sus docentes y otros',1),(10,'leves','Asistir a la unidad educativa sin el uniforme correspondiente',1),(11,'leves','Uso de celular sin autorización del docente en horario de clases',1),(12,'graves','Daños ocasionados al mobiliario o infraestructura',1),(13,'graves','Inasistencia a citaciones convocadas por la unidad educativa',1),(14,'graves','Inasistencia a clases por tres días o mas',1),(15,'graves','Inasistencia a desfiles cívicos, actos cívicos',1),(16,'graves','La participación o encubrimiento de actos delictivos',1),(17,'graves','La reincidencia voluntaria a faltas leves',1),(18,'graves','Portar objetos: cortantes, punzantes, armas de cualquier clase',1),(19,'muy graves','Daños ocasionados al mobiliario o infraestructura',1),(20,'muy graves','Inasistencia a citaciones convocadas por la unidad educativa',1),(21,'muy graves','Inasistencia a clases por tres días o mas',1),(22,'muy graves','Inasistencia a desfiles cívicos, actos cívicos',1),(23,'muy graves','La participación o encubrimiento de actos delictivos',1),(24,'muy graves','La reincidencia voluntaria a faltas leves',1),(25,'muy graves','Portar objetos: cortantes, punzantes, armas de cualquier clase',1);

/*Table structure for table `faltas_cometidas` */

DROP TABLE IF EXISTS `faltas_cometidas`;

CREATE TABLE `faltas_cometidas` (
  `id_fal_com` bigint(20) NOT NULL AUTO_INCREMENT,
  `obseracion` varchar(200) CHARACTER SET utf8 COLLATE utf8_spanish2_ci NOT NULL,
  `contador` int(10) NOT NULL,
  `fecha` date NOT NULL,
  `estado` tinyint(4) NOT NULL DEFAULT '1',
  `id_kardex` bigint(20) NOT NULL,
  `id_user` bigint(20) NOT NULL,
  `id_falta` int(11) NOT NULL,
  PRIMARY KEY (`id_fal_com`),
  KEY `id_kardex` (`id_kardex`),
  KEY `id_falta` (`id_falta`),
  CONSTRAINT `faltas_cometidas_ibfk_1` FOREIGN KEY (`id_kardex`) REFERENCES `kardex` (`id_kardex`),
  CONSTRAINT `faltas_cometidas_ibfk_2` FOREIGN KEY (`id_falta`) REFERENCES `faltas` (`id_falta`)
) ENGINE=InnoDB DEFAULT CHARSET=utf8;

/*Data for the table `faltas_cometidas` */

/*Table structure for table `kardex` */

DROP TABLE IF EXISTS `kardex`;

CREATE TABLE `kardex` (
  `id_kardex` bigint(20) NOT NULL AUTO_INCREMENT,
  `reset` tinyint(1) NOT NULL,
  `gestion` year(4) NOT NULL,
  `id_rude` int(20) NOT NULL,
  `estado` char(1) DEFAULT NULL COMMENT 'a= aprobado r= reprobado',
  `id_curso` int(11) NOT NULL,
  `id_asesor` int(11) DEFAULT NULL,
  PRIMARY KEY (`id_kardex`),
  KEY `id_rude` (`id_rude`),
  KEY `id_curso` (`id_curso`),
  CONSTRAINT `id_rude` FOREIGN KEY (`id_rude`) REFERENCES `estudiante` (`id_rude`),
  CONSTRAINT `kardex_ibfk_1` FOREIGN KEY (`id_curso`) REFERENCES `curso` (`id_curso`)
) ENGINE=InnoDB AUTO_INCREMENT=493 DEFAULT CHARSET=utf8;

/*Data for the table `kardex` */

insert  into `kardex`(`id_kardex`,`reset`,`gestion`,`id_rude`,`estado`,`id_curso`,`id_asesor`) values (1,0,2018,1,'1',1,NULL),(2,0,2018,2,'1',1,NULL),(3,0,2018,3,'1',1,NULL),(4,0,2018,4,'1',1,NULL),(5,0,2018,5,'1',1,NULL),(6,0,2018,6,'1',1,NULL),(7,0,2018,7,'1',1,NULL),(8,0,2018,8,'1',1,NULL),(9,0,2018,9,'1',1,NULL),(10,0,2018,10,'1',1,NULL),(11,0,2018,11,'1',1,NULL),(12,0,2018,12,'1',1,NULL),(13,0,2018,13,'1',1,NULL),(14,0,2018,14,'1',1,NULL),(15,0,2018,15,'1',1,NULL),(16,0,2018,16,'1',1,NULL),(17,0,2018,17,'1',1,NULL),(18,0,2018,18,'1',1,NULL),(19,0,2018,19,'1',1,NULL),(20,0,2018,20,'1',1,NULL),(21,0,2018,21,'1',1,NULL),(22,0,2018,22,'1',1,NULL),(23,0,2018,23,'1',1,NULL),(24,0,2018,24,'1',1,NULL),(25,0,2018,25,'1',1,NULL),(26,0,2018,26,'1',1,NULL),(27,0,2018,27,'1',2,NULL),(28,0,2018,28,'1',2,NULL),(29,0,2018,29,'1',2,NULL),(30,0,2018,30,'1',2,NULL),(31,0,2018,31,'1',2,NULL),(32,0,2018,32,'1',2,NULL),(33,0,2018,33,'1',2,NULL),(34,0,2018,34,'1',2,NULL),(35,0,2018,35,'1',2,NULL),(36,0,2018,36,'1',2,NULL),(37,0,2018,37,'1',2,NULL),(38,0,2018,38,'1',2,NULL),(39,0,2018,39,'1',2,NULL),(40,0,2018,40,'1',2,NULL),(41,0,2018,41,'1',2,NULL),(42,0,2018,42,'1',2,NULL),(43,0,2018,43,'1',2,NULL),(44,0,2018,44,'1',2,NULL),(45,0,2018,45,'1',2,NULL),(46,0,2018,46,'1',2,NULL),(47,0,2018,47,'1',2,NULL),(48,0,2018,48,'1',2,NULL),(49,0,2018,49,'1',2,NULL),(50,0,2018,50,'1',2,NULL),(51,0,2018,51,'1',2,NULL),(52,0,2018,52,'1',3,NULL),(53,0,2018,53,'1',3,NULL),(54,0,2018,54,'1',3,NULL),(55,0,2018,55,'1',3,NULL),(56,0,2018,56,'1',3,NULL),(57,0,2018,57,'1',3,NULL),(58,0,2018,58,'1',3,NULL),(59,0,2018,59,'1',3,NULL),(60,0,2018,60,'1',3,NULL),(61,0,2018,61,'1',3,NULL),(62,0,2018,62,'1',3,NULL),(63,0,2018,63,'1',3,NULL),(64,0,2018,64,'1',3,NULL),(65,0,2018,65,'1',3,NULL),(66,0,2018,66,'1',3,NULL),(67,0,2018,67,'1',3,NULL),(68,0,2018,68,'1',3,NULL),(69,0,2018,69,'1',3,NULL),(70,0,2018,70,'1',3,NULL),(71,0,2018,71,'1',3,NULL),(72,0,2018,72,'1',3,NULL),(73,0,2018,73,'1',3,NULL),(74,0,2018,74,'1',3,NULL),(75,0,2018,75,'1',3,NULL),(76,0,2018,76,'1',4,NULL),(77,0,2018,77,'1',4,NULL),(78,0,2018,78,'1',4,NULL),(79,0,2018,79,'1',4,NULL),(80,0,2018,80,'1',4,NULL),(81,0,2018,81,'1',4,NULL),(82,0,2018,82,'1',4,NULL),(83,0,2018,83,'1',4,NULL),(84,0,2018,84,'1',4,NULL),(85,0,2018,85,'1',4,NULL),(86,0,2018,86,'1',4,NULL),(87,0,2018,87,'1',4,NULL),(88,0,2018,88,'1',4,NULL),(89,0,2018,89,'1',4,NULL),(90,0,2018,90,'1',4,NULL),(91,0,2018,91,'1',4,NULL),(92,0,2018,92,'1',4,NULL),(93,0,2018,93,'1',4,NULL),(94,0,2018,94,'1',4,NULL),(95,0,2018,95,'1',4,NULL),(96,0,2018,96,'1',4,NULL),(97,0,2018,97,'1',4,NULL),(98,0,2018,98,'1',4,NULL),(99,0,2018,99,'1',4,NULL),(100,0,2018,100,'1',4,NULL),(101,0,2018,101,'1',4,NULL),(102,0,2018,102,'1',5,NULL),(103,0,2018,103,'1',5,NULL),(104,0,2018,104,'1',5,NULL),(105,0,2018,105,'1',5,NULL),(106,0,2018,106,'1',5,NULL),(107,0,2018,107,'1',5,NULL),(108,0,2018,108,'1',5,NULL),(109,0,2018,109,'1',5,NULL),(110,0,2018,110,'1',5,NULL),(111,0,2018,111,'1',5,NULL),(112,0,2018,112,'1',5,NULL),(113,0,2018,113,'1',5,NULL),(114,0,2018,114,'1',5,NULL),(115,0,2018,115,'1',5,NULL),(116,0,2018,116,'1',5,NULL),(117,0,2018,117,'1',5,NULL),(118,0,2018,118,'1',5,NULL),(119,0,2018,119,'1',5,NULL),(120,0,2018,120,'1',5,NULL),(121,0,2018,121,'1',5,NULL),(122,0,2018,122,'1',5,NULL),(123,0,2018,123,'1',5,NULL),(124,0,2018,124,'1',5,NULL),(125,0,2018,125,'1',5,NULL),(126,0,2018,126,'1',5,NULL),(127,0,2018,127,'1',6,NULL),(128,0,2018,128,'1',6,NULL),(129,0,2018,129,'1',6,NULL),(130,0,2018,130,'1',6,NULL),(131,0,2018,131,'1',6,NULL),(132,0,2018,132,'1',6,NULL),(133,0,2018,133,'1',6,NULL),(134,0,2018,134,'1',6,NULL),(135,0,2018,135,'1',6,NULL),(136,0,2018,136,'1',6,NULL),(137,0,2018,137,'1',6,NULL),(138,0,2018,138,'1',6,NULL),(139,0,2018,139,'1',6,NULL),(140,0,2018,140,'1',6,NULL),(141,0,2018,141,'1',6,NULL),(142,0,2018,142,'1',6,NULL),(143,0,2018,143,'1',6,NULL),(144,0,2018,144,'1',6,NULL),(145,0,2018,145,'1',6,NULL),(146,0,2018,146,'1',6,NULL),(147,0,2018,147,'1',6,NULL),(148,0,2018,148,'1',6,NULL),(149,0,2018,149,'1',6,NULL),(150,0,2018,150,'1',6,NULL),(151,0,2018,151,'1',7,NULL),(152,0,2018,152,'1',7,NULL),(153,0,2018,153,'1',7,NULL),(154,0,2018,154,'1',7,NULL),(155,0,2018,155,'1',7,NULL),(156,0,2018,156,'1',7,NULL),(157,0,2018,157,'1',7,NULL),(158,0,2018,158,'1',7,NULL),(159,0,2018,159,'1',7,NULL),(160,0,2018,160,'1',7,NULL),(161,0,2018,161,'1',7,NULL),(162,0,2018,162,'1',7,NULL),(163,0,2018,163,'1',7,NULL),(164,0,2018,164,'1',7,NULL),(165,0,2018,165,'1',7,NULL),(166,0,2018,166,'1',7,NULL),(167,0,2018,167,'1',7,NULL),(168,0,2018,168,'1',7,NULL),(169,0,2018,169,'1',7,NULL),(170,0,2018,170,'1',7,NULL),(171,0,2018,171,'1',7,NULL),(172,0,2018,172,'1',7,NULL),(173,0,2018,173,'1',7,NULL),(174,0,2018,174,'1',7,NULL),(175,0,2018,175,'1',8,NULL),(176,0,2018,176,'1',8,NULL),(177,0,2018,177,'1',8,NULL),(178,0,2018,178,'1',8,NULL),(179,0,2018,179,'1',8,NULL),(180,0,2018,180,'1',8,NULL),(181,0,2018,181,'1',8,NULL),(182,0,2018,182,'1',8,NULL),(183,0,2018,183,'1',8,NULL),(184,0,2018,184,'1',8,NULL),(185,0,2018,185,'1',8,NULL),(186,0,2018,186,'1',8,NULL),(187,0,2018,187,'1',8,NULL),(188,0,2018,188,'1',8,NULL),(189,0,2018,189,'1',8,NULL),(190,0,2018,190,'1',8,NULL),(191,0,2018,191,'1',8,NULL),(192,0,2018,192,'1',8,NULL),(193,0,2018,193,'1',8,NULL),(194,0,2018,194,'1',8,NULL),(195,0,2018,195,'1',8,NULL),(196,0,2018,196,'1',8,NULL),(197,0,2018,197,'1',8,NULL),(198,0,2018,198,'1',8,NULL),(199,0,2018,199,'1',9,NULL),(200,0,2018,200,'1',9,NULL),(201,0,2018,201,'1',9,NULL),(202,0,2018,202,'1',9,NULL),(203,0,2018,203,'1',9,NULL),(204,0,2018,204,'1',9,NULL),(205,0,2018,205,'1',9,NULL),(206,0,2018,206,'1',9,NULL),(207,0,2018,207,'1',9,NULL),(208,0,2018,208,'1',9,NULL),(209,0,2018,209,'1',9,NULL),(210,0,2018,210,'1',9,NULL),(211,0,2018,211,'1',9,NULL),(212,0,2018,212,'1',9,NULL),(213,0,2018,213,'1',9,NULL),(214,0,2018,214,'1',9,NULL),(215,0,2018,215,'1',9,NULL),(216,0,2018,216,'1',9,NULL),(217,0,2018,217,'1',9,NULL),(218,0,2018,218,'1',9,NULL),(219,0,2018,219,'1',9,NULL),(220,0,2018,220,'1',9,NULL),(221,0,2018,221,'1',9,NULL),(222,0,2018,222,'1',10,NULL),(223,0,2018,223,'1',10,NULL),(224,0,2018,224,'1',10,NULL),(225,0,2018,225,'1',10,NULL),(226,0,2018,226,'1',10,NULL),(227,0,2018,227,'1',10,NULL),(228,0,2018,228,'1',10,NULL),(229,0,2018,229,'1',10,NULL),(230,0,2018,230,'1',10,NULL),(231,0,2018,231,'1',10,NULL),(232,0,2018,232,'1',10,NULL),(233,0,2018,233,'1',10,NULL),(234,0,2018,234,'1',10,NULL),(235,0,2018,235,'1',10,NULL),(236,0,2018,236,'1',10,NULL),(237,0,2018,237,'1',10,NULL),(238,0,2018,238,'1',10,NULL),(239,0,2018,239,'1',10,NULL),(240,0,2018,240,'1',10,NULL),(241,0,2018,241,'1',10,NULL),(242,0,2018,242,'1',10,NULL),(243,0,2018,243,'1',10,NULL),(244,0,2018,244,'1',10,NULL),(245,0,2018,245,'1',10,NULL),(246,0,2018,246,'1',11,NULL),(247,0,2018,247,'1',11,NULL),(248,0,2018,248,'1',11,NULL),(249,0,2018,249,'1',11,NULL),(250,0,2018,250,'1',11,NULL),(251,0,2018,251,'1',11,NULL),(252,0,2018,252,'1',11,NULL),(253,0,2018,253,'1',11,NULL),(254,0,2018,254,'1',11,NULL),(255,0,2018,255,'1',11,NULL),(256,0,2018,256,'1',11,NULL),(257,0,2018,257,'1',11,NULL),(258,0,2018,258,'1',11,NULL),(259,0,2018,259,'1',11,NULL),(260,0,2018,260,'1',11,NULL),(261,0,2018,261,'1',11,NULL),(262,0,2018,262,'1',11,NULL),(263,0,2018,263,'1',11,NULL),(264,0,2018,264,'1',11,NULL),(265,0,2018,265,'1',11,NULL),(266,0,2018,266,'1',11,NULL),(267,0,2018,267,'1',11,NULL),(268,0,2018,268,'1',11,NULL),(269,0,2018,269,'1',11,NULL),(270,0,2018,270,'1',12,NULL),(271,0,2018,271,'1',12,NULL),(272,0,2018,272,'1',12,NULL),(273,0,2018,273,'1',12,NULL),(274,0,2018,274,'1',12,NULL),(275,0,2018,275,'1',12,NULL),(276,0,2018,276,'1',12,NULL),(277,0,2018,277,'1',12,NULL),(278,0,2018,278,'1',12,NULL),(279,0,2018,279,'1',12,NULL),(280,0,2018,280,'1',12,NULL),(281,0,2018,281,'1',12,NULL),(282,0,2018,282,'1',12,NULL),(283,0,2018,283,'1',12,NULL),(284,0,2018,284,'1',12,NULL),(285,0,2018,285,'1',12,NULL),(286,0,2018,286,'1',12,NULL),(287,0,2018,287,'1',12,NULL),(288,0,2018,288,'1',12,NULL),(289,0,2018,289,'1',12,NULL),(290,0,2018,290,'1',12,NULL),(291,0,2018,291,'1',12,NULL),(292,0,2018,292,'1',12,NULL),(293,0,2018,293,'1',12,NULL),(294,0,2018,294,'1',12,NULL),(295,0,2018,295,'1',13,NULL),(296,0,2018,296,'1',13,NULL),(297,0,2018,297,'1',13,NULL),(298,0,2018,298,'1',13,NULL),(299,0,2018,299,'1',13,NULL),(300,0,2018,300,'1',13,NULL),(301,0,2018,301,'1',13,NULL),(302,0,2018,302,'1',13,NULL),(303,0,2018,303,'1',13,NULL),(304,0,2018,304,'1',13,NULL),(305,0,2018,305,'1',13,NULL),(306,0,2018,306,'1',13,NULL),(307,0,2018,307,'1',13,NULL),(308,0,2018,308,'1',13,NULL),(309,0,2018,309,'1',13,NULL),(310,0,2018,310,'1',13,NULL),(311,0,2018,311,'1',13,NULL),(312,0,2018,312,'1',13,NULL),(313,0,2018,313,'1',13,NULL),(314,0,2018,314,'1',13,NULL),(315,0,2018,315,'1',13,NULL),(316,0,2018,316,'1',13,NULL),(317,0,2018,317,'1',13,NULL),(318,0,2018,318,'1',13,NULL),(319,0,2018,319,'1',13,NULL),(320,0,2018,320,'1',14,NULL),(321,0,2018,321,'1',14,NULL),(322,0,2018,322,'1',14,NULL),(323,0,2018,323,'1',14,NULL),(324,0,2018,324,'1',14,NULL),(325,0,2018,325,'1',14,NULL),(326,0,2018,326,'1',14,NULL),(327,0,2018,327,'1',14,NULL),(328,0,2018,328,'1',14,NULL),(329,0,2018,329,'1',14,NULL),(330,0,2018,330,'1',14,NULL),(331,0,2018,331,'1',14,NULL),(332,0,2018,332,'1',14,NULL),(333,0,2018,333,'1',14,NULL),(334,0,2018,334,'1',14,NULL),(335,0,2018,335,'1',14,NULL),(336,0,2018,336,'1',14,NULL),(337,0,2018,337,'1',14,NULL),(338,0,2018,338,'1',14,NULL),(339,0,2018,339,'1',14,NULL),(340,0,2018,340,'1',14,NULL),(341,0,2018,341,'1',14,NULL),(342,0,2018,342,'1',14,NULL),(343,0,2018,343,'1',14,NULL),(344,0,2018,344,'1',15,NULL),(345,0,2018,345,'1',15,NULL),(346,0,2018,346,'1',15,NULL),(347,0,2018,347,'1',15,NULL),(348,0,2018,348,'1',15,NULL),(349,0,2018,349,'1',15,NULL),(350,0,2018,350,'1',15,NULL),(351,0,2018,351,'1',15,NULL),(352,0,2018,352,'1',15,NULL),(353,0,2018,353,'1',15,NULL),(354,0,2018,354,'1',15,NULL),(355,0,2018,355,'1',15,NULL),(356,0,2018,356,'1',15,NULL),(357,0,2018,357,'1',15,NULL),(358,0,2018,358,'1',15,NULL),(359,0,2018,359,'1',15,NULL),(360,0,2018,360,'1',15,NULL),(361,0,2018,361,'1',15,NULL),(362,0,2018,362,'1',15,NULL),(363,0,2018,363,'1',15,NULL),(364,0,2018,364,'1',15,NULL),(365,0,2018,365,'1',15,NULL),(366,0,2018,366,'1',15,NULL),(367,0,2018,367,'1',15,NULL),(368,0,2018,368,'1',15,NULL),(369,0,2018,369,'1',16,NULL),(370,0,2018,370,'1',16,NULL),(371,0,2018,371,'1',16,NULL),(372,0,2018,372,'1',16,NULL),(373,0,2018,373,'1',16,NULL),(374,0,2018,374,'1',16,NULL),(375,0,2018,375,'1',16,NULL),(376,0,2018,376,'1',16,NULL),(377,0,2018,377,'1',16,NULL),(378,0,2018,378,'1',16,NULL),(379,0,2018,379,'1',16,NULL),(380,0,2018,380,'1',16,NULL),(381,0,2018,381,'1',16,NULL),(382,0,2018,382,'1',16,NULL),(383,0,2018,383,'1',16,NULL),(384,0,2018,384,'1',16,NULL),(385,0,2018,385,'1',16,NULL),(386,0,2018,386,'1',16,NULL),(387,0,2018,387,'1',16,NULL),(388,0,2018,388,'1',16,NULL),(389,0,2018,389,'1',16,NULL),(390,0,2018,390,'1',16,NULL),(391,0,2018,391,'1',16,NULL),(392,0,2018,392,'1',16,NULL),(393,0,2018,393,'1',17,NULL),(394,0,2018,394,'1',17,NULL),(395,0,2018,395,'1',17,NULL),(396,0,2018,396,'1',17,NULL),(397,0,2018,397,'1',17,NULL),(398,0,2018,398,'1',17,NULL),(399,0,2018,399,'1',17,NULL),(400,0,2018,400,'1',17,NULL),(401,0,2018,401,'1',17,NULL),(402,0,2018,402,'1',17,NULL),(403,0,2018,403,'1',17,NULL),(404,0,2018,404,'1',17,NULL),(405,0,2018,405,'1',17,NULL),(406,0,2018,406,'1',17,NULL),(407,0,2018,407,'1',17,NULL),(408,0,2018,408,'1',17,NULL),(409,0,2018,409,'1',17,NULL),(410,0,2018,410,'1',17,NULL),(411,0,2018,411,'1',17,NULL),(412,0,2018,412,'1',17,NULL),(413,0,2018,413,'1',17,NULL),(414,0,2018,414,'1',17,NULL),(415,0,2018,415,'1',17,NULL),(416,0,2018,416,'1',18,NULL),(417,0,2018,417,'1',18,NULL),(418,0,2018,418,'1',18,NULL),(419,0,2018,419,'1',18,NULL),(420,0,2018,420,'1',18,NULL),(421,0,2018,421,'1',18,NULL),(422,0,2018,422,'1',18,NULL),(423,0,2018,423,'1',18,NULL),(424,0,2018,424,'1',18,NULL),(425,0,2018,425,'1',18,NULL),(426,0,2018,426,'1',18,NULL),(427,0,2018,427,'1',18,NULL),(428,0,2018,428,'1',18,NULL),(429,0,2018,429,'1',18,NULL),(430,0,2018,430,'1',18,NULL),(431,0,2018,431,'1',18,NULL),(432,0,2018,432,'1',18,NULL),(433,0,2018,433,'1',18,NULL),(434,0,2018,434,'1',18,NULL),(435,0,2018,435,'1',18,NULL),(436,0,2018,436,'1',18,NULL),(437,0,2018,437,'1',18,NULL),(438,0,2018,438,'1',18,NULL),(439,0,2018,439,'1',18,NULL),(440,0,2018,440,'1',18,NULL),(441,0,2018,441,'1',18,NULL),(442,0,2018,442,'1',19,NULL),(443,0,2018,443,'1',19,NULL),(444,0,2018,444,'1',19,NULL),(445,0,2018,445,'1',19,NULL),(446,0,2018,446,'1',19,NULL),(447,0,2018,447,'1',19,NULL),(448,0,2018,448,'1',19,NULL),(449,0,2018,449,'1',19,NULL),(450,0,2018,450,'1',19,NULL),(451,0,2018,451,'1',19,NULL),(452,0,2018,452,'1',19,NULL),(453,0,2018,453,'1',19,NULL),(454,0,2018,454,'1',19,NULL),(455,0,2018,455,'1',19,NULL),(456,0,2018,456,'1',19,NULL),(457,0,2018,457,'1',19,NULL),(458,0,2018,458,'1',19,NULL),(459,0,2018,459,'1',19,NULL),(460,0,2018,460,'1',19,NULL),(461,0,2018,461,'1',19,NULL),(462,0,2018,462,'1',19,NULL),(463,0,2018,463,'1',19,NULL),(464,0,2018,464,'1',19,NULL),(465,0,2018,465,'1',19,NULL),(466,0,2018,466,'1',19,NULL),(467,0,2018,467,'1',20,NULL),(468,0,2018,468,'1',20,NULL),(469,0,2018,469,'1',20,NULL),(470,0,2018,470,'1',20,NULL),(471,0,2018,471,'1',20,NULL),(472,0,2018,472,'1',20,NULL),(473,0,2018,473,'1',20,NULL),(474,0,2018,474,'1',20,NULL),(475,0,2018,475,'1',20,NULL),(476,0,2018,476,'1',20,NULL),(477,0,2018,477,'1',20,NULL),(478,0,2018,478,'1',20,NULL),(479,0,2018,479,'1',20,NULL),(480,0,2018,480,'1',20,NULL),(481,0,2018,481,'1',20,NULL),(482,0,2018,482,'1',20,NULL),(483,0,2018,483,'1',20,NULL),(484,0,2018,484,'1',20,NULL),(485,0,2018,485,'1',20,NULL),(486,0,2018,486,'1',20,NULL),(487,0,2018,487,'1',20,NULL),(488,0,2018,488,'1',20,NULL),(489,0,2018,489,'1',20,NULL),(490,0,2018,490,'1',20,NULL),(491,0,2018,491,'1',20,NULL),(492,0,2018,492,'1',20,NULL);

/*Table structure for table `modelo_citacion` */

DROP TABLE IF EXISTS `modelo_citacion`;

CREATE TABLE `modelo_citacion` (
  `id_citacion` int(11) NOT NULL AUTO_INCREMENT,
  `formato` varchar(400) CHARACTER SET utf8 COLLATE utf8_spanish2_ci NOT NULL,
  `estado` tinyint(1) NOT NULL DEFAULT '1',
  PRIMARY KEY (`id_citacion`)
) ENGINE=InnoDB DEFAULT CHARSET=utf8;

/*Data for the table `modelo_citacion` */

/*Table structure for table `pfaltas` */

DROP TABLE IF EXISTS `pfaltas`;

CREATE TABLE `pfaltas` (
  `id_pfalta` int(11) NOT NULL AUTO_INCREMENT,
  `max_faltas` int(10) NOT NULL,
  PRIMARY KEY (`id_pfalta`)
) ENGINE=InnoDB AUTO_INCREMENT=2 DEFAULT CHARSET=utf8;

/*Data for the table `pfaltas` */

insert  into `pfaltas`(`id_pfalta`,`max_faltas`) values (1,3);

/*Table structure for table `roles` */

DROP TABLE IF EXISTS `roles`;

CREATE TABLE `roles` (
  `id_rol` int(11) NOT NULL AUTO_INCREMENT,
  `nombre` varchar(20) CHARACTER SET utf8 COLLATE utf8_spanish2_ci DEFAULT NULL,
  `estado` tinyint(1) DEFAULT '1',
  PRIMARY KEY (`id_rol`)
) ENGINE=InnoDB AUTO_INCREMENT=7 DEFAULT CHARSET=utf8;

/*Data for the table `roles` */

insert  into `roles`(`id_rol`,`nombre`,`estado`) values (1,'Administrador',1),(2,'Docente',1),(3,'Responsable',1),(4,'Estudiante',1),(5,'Secretaria(o)',1),(6,'Director(a)',1);

/*Table structure for table `tiene` */

DROP TABLE IF EXISTS `tiene`;

CREATE TABLE `tiene` (
  `id_curso` int(11) NOT NULL,
  `id_asignatura` bigint(20) NOT NULL,
  `id_docente` int(11) NOT NULL,
  PRIMARY KEY (`id_curso`,`id_asignatura`,`id_docente`),
  KEY `id_asignatura1` (`id_asignatura`),
  KEY `id_docente` (`id_docente`),
  CONSTRAINT `id_curso2` FOREIGN KEY (`id_curso`) REFERENCES `curso` (`id_curso`) ON DELETE CASCADE ON UPDATE CASCADE,
  CONSTRAINT `tiene_ibfk_1` FOREIGN KEY (`id_asignatura`) REFERENCES `asignatura` (`id_asignatura`) ON DELETE CASCADE ON UPDATE CASCADE,
  CONSTRAINT `tiene_ibfk_2` FOREIGN KEY (`id_docente`) REFERENCES `docente` (`id_docente`)
) ENGINE=InnoDB DEFAULT CHARSET=utf8;

/*Data for the table `tiene` */

insert  into `tiene`(`id_curso`,`id_asignatura`,`id_docente`) values (1,1,3),(2,1,2),(4,1,9),(6,1,3),(7,1,2),(9,1,9),(12,1,2),(14,1,9),(17,1,2),(19,1,9),(22,1,2),(24,1,9),(27,1,2),(29,1,9);

/*Table structure for table `tutor` */

DROP TABLE IF EXISTS `tutor`;

CREATE TABLE `tutor` (
  `id_tutor` int(11) NOT NULL AUTO_INCREMENT,
  `nombres` varchar(50) COLLATE utf8_spanish2_ci NOT NULL,
  `paterno` varchar(45) COLLATE utf8_spanish2_ci NOT NULL,
  `materno` varchar(45) COLLATE utf8_spanish2_ci DEFAULT NULL,
  `celular` varchar(12) COLLATE utf8_spanish2_ci NOT NULL,
  `telefono` varchar(10) COLLATE utf8_spanish2_ci DEFAULT NULL,
  `domicilio` varchar(200) COLLATE utf8_spanish2_ci NOT NULL DEFAULT 's/dir',
  `estado` tinyint(1) NOT NULL DEFAULT '1',
  `id_user` bigint(20) DEFAULT NULL,
  PRIMARY KEY (`id_tutor`)
) ENGINE=InnoDB AUTO_INCREMENT=22 DEFAULT CHARSET=utf8 COLLATE=utf8_spanish2_ci;

/*Data for the table `tutor` */

insert  into `tutor`(`id_tutor`,`nombres`,`paterno`,`materno`,`celular`,`telefono`,`domicilio`,`estado`,`id_user`) values (1,'PASTOR','SURCI','TANCARA','60678814','22811666','ZONA SANTA ROSA CALLE C # 39',1,47),(2,'INOCENCIA','TORREZ','QUISPE','70504991','00000000','ZONA SANTA ROSA CALLE 5 # 49 A',1,48),(3,'FELICIA','CHOQUE','MAMANI','69883221','00000000','ZONA SANTA ROSA CALLE   # 14B',1,49),(4,'MARCELO TEODORO','CATARI','YUJRA','71239860','79122008','ZONA SANTA ROSA CALLE 7  #  29',1,50),(5,'ROSMERY','LOPEZ','LIMACHI','79131626','00000000','ZONA SANTIAGO I AV. 2   #  300 ENTRE CALLE 4 Y 5',1,51),(6,'DARIO','SIÃ‘ANI','TURPO','78821978','76586850','ZONA SANTA ROSA CALLE  A  # 50',1,52),(7,'JUAN CARLOS','QUESO','TARQUI','74859167','60607106','ZONA SANTA ROSA CALLE E  # 61',1,53),(8,'YURITZA','NINA','QUELALI','76791041','00000000','ZONA SANTA ROSA CALLE  #',1,54),(9,'MAGALY MARTHA','PAUCARA','ARCAYA','61164085','00000000','ZONA SANTA ROSA CALLE A  # 77',1,55),(10,'GABRIEL','FERNANDEZ','SUHEIRO','70166285','00000000','ZONA SANTA ROSA CALLE A  # 77',1,56),(11,'JUANA FIDELIA','MARCA','FLORES','74078058','00000000','ZONA SANTA ROSA AV. ARICA  # 38',1,57),(12,'JUANA','GIRONDA','ARTEAGA','76291678','00000000','ZONA SANTA ROSA CALLE  #',1,58),(13,'LOURDES','CHUQUIMIA','VELASQUEZ','73216214','75425276','ZONA SANTA ROSA CALLE E  #18',1,59),(14,'BERTHA VERONICA','MONTOYA','PATZI','69815528','00000000','ZONA SANTA ROSA AV. ARICA  # 39',1,60),(15,'RICHARD','CAVIÃ‘A','TAMBO','65159004','69885451','ZONA SANTA ROSA CALLE  #',1,61),(16,'MARISOL','GUARACHI','PAUCARA','70678660','00000000','ZONA SANTA ROSA CALLE  #',1,62),(17,'CATALINA','CALLIZAYA','LIMACHI','67004661','00000000','ZONA SAN FELIPE DE SEKE CALLE 5 # 5',1,63),(18,'JOSEFINA','SILVESTRE','QUISPE','61277866','22984642','ZONA NUEVA ESPERANZA CALLE 23 DE ENERO',1,64),(19,'FRE4DDY','GUAMAN','SANGA','00000000','00000000','AV. PANORAMICA',1,65),(20,'ISABEL','QUISPE','CANCARI','71918543','00000000','ZONA SANTA ROSA CALLE 6B  # 126',1,66),(21,'MARINA','CONDORI','PEREZ','61158930','00000000','ZONA SANTA ROSA CALLE  4 #  27',1,67);

/*Table structure for table `usuario` */

DROP TABLE IF EXISTS `usuario`;

CREATE TABLE `usuario` (
  `id_usuario` int(11) NOT NULL AUTO_INCREMENT,
  `nombre_usuario` varchar(20) NOT NULL,
  `password` varchar(255) NOT NULL,
  `estado` tinyint(1) NOT NULL DEFAULT '1',
  `id_rol` int(11) NOT NULL,
  PRIMARY KEY (`id_usuario`,`id_rol`),
  UNIQUE KEY `nombre_usuario_UNIQUE` (`nombre_usuario`),
  KEY `id_rol` (`id_rol`),
  CONSTRAINT `usuario_ibfk_1` FOREIGN KEY (`id_rol`) REFERENCES `roles` (`id_rol`)
) ENGINE=InnoDB AUTO_INCREMENT=68 DEFAULT CHARSET=utf8;

/*Data for the table `usuario` */

insert  into `usuario`(`id_usuario`,`nombre_usuario`,`password`,`estado`,`id_rol`) values (1,'admin','$2y$10$YI9C55vOApfscCBpGVn5iObXDmCfwyj6BFuJY66n3dDtkW3ATlSVK',1,1),(2,'LEONARDA','$2y$10$NIVnYeuv43CWLEJV60gjnuMQfUzvuDCHmHwgzVCExNjFUzqkXsExS',1,2),(3,'VICTORIA ','$2y$10$LHQwbo2HIiw7C2NyCNd2POzqQqxdQb2IMygqZU2s.Ou225ggSh556',1,2),(4,'PATRICIA ','$2y$10$8Cfp7VCK9qBFv2yNq1JE0.ZHS/RGV/LsBJr9SX3guin1kJ76GGiyK',1,2),(5,'VICENTA  ','$2y$10$fiHEGA74z6Yd5Qw9yan2nO04MxDFIeNCmEf1ZcjzfXkgNUzD7N/5y',1,2),(6,'LIDIA ','$2y$10$llz7EYcyJSKeZ82Ki2Bqt.OEKaYTWPOw7bhUdRi9yxiPe5WEXei3u',1,2),(7,'FLORENCIA','$2y$10$1Jv9hEu8sHCVC7EBp9Gg3ONL/eVzGHFAgZIuq5MW9VhD/5SA3sy6S',1,2),(8,'RUBEN ','$2y$10$DxJcAZpUApXmIN9NTx2d1.hTdwh5wVTK4w6VQbVl4dZvcwTD3Pbeq',1,2),(9,'ELISEO','$2y$10$oBz1lHZAzsp1Eac6S./NveIR6LeCPyEomERbVOdKnIdxsPMUFmX6O',1,2),(10,'EMBLY ','$2y$10$eccB7AOcK40S40.ISQ4riOlwU30Nz7qlc0UmpI.3b.kxHH.zbhpQ.',1,2),(11,'GLADYS ','$2y$10$j7TjlHyrZ3NjxEr3GwoGROYS0B1jVIkkol7SPuIh1.XjPU7OoLalq',1,2),(12,'MARIBEL ','$2y$10$t5/AY/n1mrVg6kkdgbPEBuspEOf2we4JS6apusBX0eRcMeSAjNDlG',1,2),(13,'DORA','$2y$10$i7.LZxZKCsPQ6a51FWnZAeWA7uBiXQw9vEPBJwihfOy0SX/hI8oau',1,2),(14,'VICTOR ','$2y$10$4wbe.Am4diaJjbYm1wusV.ksl3QloouNbzaci3/UCkDcsflbdGCBq',1,2),(15,'CUPERTINA','$2y$10$gVTHTw20stvl4mogLw5wy.oE8mn41Tuii.Rv5AysJTUBSkmTRz0RS',1,2),(16,'MARTHA ','$2y$10$TpiIdspHQ/vQ/6ApprqGC.wGDbBywnnSJGqWBmRfvMreZOK6qRcIW',1,2),(17,'EULALIA ','$2y$10$YPMKaR/sx/yHgoJHMFQWsev7UFSDvj2qMlO6gFee.cA7qSBAn7yRm',1,2),(18,'ISAAC ','$2y$10$aaeYuS2/YsiXn.vYucVCROHO5Q6uEJidEm0brt6Xi0jhnCFGoZZnS',1,2),(19,'EDGAR','$2y$10$cfiS1OdDyDlHPN0tJo8NO.lCznyxxpUJnOPZWnGnvgocJkFSR9fzO',1,2),(20,'DOMITILA ','$2y$10$HGL3WFbNn53d6V71.x6oKOzxxsFESRnUnC0.06/aG6llDSnlT54iO',1,2),(21,'EFRAIN ','$2y$10$hjAxtWNeuERd4g4Hx5PXjuO5ft2RP0aZjUHqg8UB6xGJk3ovm8WHu',1,2),(22,'CARMEN ','$2y$10$MiCSvvrpvzZq1bgzXGO/jeboQ3vCGDus/2EH9XRKv2tygg.K1oGiO',1,2),(23,'MIRIAM','$2y$10$0Ip5HCWDLjp2IZWflavA3usgNDAM1TYTBmlLQYS6Kjl/Qx167AaWK',1,2),(24,'LILY ','$2y$10$Hn1.Yw/HjPvML700yXvXQeziYka.G78bE22sn3WKCLWuO7DoesU/q',1,2),(25,'GABRIELA ','$2y$10$iMmaN3i9tewrkFj6vd97pOtvVb9y/DicN56D6iwodVXBLH7fMhKDe',1,2),(26,'KEMPER ','$2y$10$R8Wz0OOF0LPZFHsozcaXMuwl6yGlgP3ZOk/rldYd5clU7HczGlZY.',1,2),(27,'ESTEBAN ','$2y$10$7rs.ZR232.NUGWkIvATDEuk5lHc7Aw2RuIuNtYVnPyCC.6k/cQTB.',1,2),(28,'ROSENDO','$2y$10$1q.yIU6NMwCl10Vxl08YfOGebBSsU6NwofgHnHU5RJIRwz.TqRnLy',1,2),(29,'ROSMERY ','$2y$10$JV.YL8n1tbrr/6ZSZgtW6uccPZsfKQ5Nkr4V2IzptrBVvML9wvr/O',1,2),(30,'CESAR','$2y$10$upzuf9kWq61zAs8VsFFOJeYH/7LlJmodY2ou2GcnahthbQyV6T5xC',1,2),(31,'SANDRA','$2y$10$92hmSY99selk340i5/xjKu.XxLFdmqm6flu71MfZJKoGijNq6mLEi',1,2),(32,'CLIMACO ','$2y$10$27oeXVXT838Qla9afHzzDu/n.dHwk7PRgSNhIEq7A/DBIhgyNACDe',1,2),(33,'ELOY ','$2y$10$2eDcLiyr.HS92qOD2GK05eQYplsOaXVTmjWqaBpyHuRkAiHCDimr2',1,2),(34,'AQUILINO ','$2y$10$eCqAe8Fe2I7agtzCPrQxieDGjnkZCudH/Pyo89PndD9HreTw7Cm3i',1,2),(35,'JUAN ','$2y$10$Ar8J.Oyv5IO2GK.lOalO7.Rl4/tMeGHJxh.arS7Nlfuqsb5wHFrGW',1,2),(36,'JAIME ','$2y$10$dDkB3JaREy6fh7b3YKtalePpMbBE0/efMO6RNzMSmTXrGzdK.g54W',1,2),(37,'MARIA ','$2y$10$Lgcj.qPVOnK58fFwiMojUeHeoTrkE0y5NJ5gjnFnXGRadNkKAc.fy',1,2),(38,'VIRGINIA ','$2y$10$aavmEYJ0.h00tFeg4oHxyeOAal4FzQ10yus1hXXyuya53d47sQZWi',1,2),(39,'FILFREDO','$2y$10$BgDUXevISjk6IGl2UI7mwuwUWJ.yDl.jY9gaAsMz8hlcR0sXbUoQG',1,2),(40,'ENCARNACIÓN ','$2y$10$1BBotQqLJEEU5HMiqq9eFeNb5ktpb9B6skEJWtn2IRWRobt6pNaQ.',1,2),(41,'ALARCON','$2y$10$Ii.T76kQYdQLQPb9p3cMrubF4a2H/qK9pp5v7EPDV4H9grT9OIbYy',1,2),(42,'FELICIANO ','$2y$10$/9XKTtC4n2ZK5COhCKqDWefC0w.yZDTSl0GO9gGSi1DpNdC8S6YEu',1,2),(43,'DOLORES ','$2y$10$R51fE0sEsDfO/ej3RTctw.4m/HANTwI/ssJ/HFnE5KcMi0oeNcusm',1,2),(44,'FLORA ','$2y$10$Q7Guevfs5FXTiFYlc.x3NubYHvooo0ZA646AvH3TZ3RcAExe.q/My',1,2),(45,'JOSE ','$2y$10$ldW2UUwp4x7yx0D41.94Q.3JsXqluhI0ev52dJwuEIDg9mbt4qti2',1,2),(46,'T.TRETRETRETRET','$2y$10$ttG8ttccHqSxhXiY615CkOC2TEtnu3I6Els9VD3WpVQl8xgoYmYzK',1,3),(47,'P.SURCI','$2y$10$EMUj8guLfgV9tdNsIBpmhutMYnlPeq64ccHrhUjBR9CUf42/HoxeK',1,3),(48,'I.TORREZ','$2y$10$TjsynVTTFY0Ku1O9AQAVquIXTakvTz9YwizKjznh3I98YBVdyKWqq',1,3),(49,'F.CHOQUE','$2y$10$nP7qc5INC9AlGCNteJRCb.JEgG1MPM09HLR2JOukeLIWw/aooZXSO',1,3),(50,'M.CATARI','$2y$10$1OttapRgAIxSRa6JqnpZsu36eZ1EPaWuZWjWsYCg1YsaqAgVVCWfq',1,3),(51,'R.LOPEZ','$2y$10$9shP0pJ03FksWxWe/a1SMeqri0JE5pkiArZPosVvE7NYuMI7BQ946',1,3),(52,'D.SIÃ‘ANI','$2y$10$FvSH1u...V3gp5xAaPSTo.YQ5Mw/cOp5f93cQ5evYTNeA8C3ZIsR6',1,3),(53,'J.QUESO','$2y$10$sKwrOfOCcNSNl2yprqKBoOKFwFYx.HGRC7sUE9FVcGiEZJCw3kkJi',1,3),(54,'Y.NINA','$2y$10$sfcHM8s9XYJrA0x1x7cciuq4G/Bl./2x5Jjo2cACplv33DuRW0dbG',1,3),(55,'M.PAUCARA','$2y$10$tu80xMVEum3nmlv4ojLuMexIVVaebPZJbj6DAtdlY5aB5fyu2wlIm',1,3),(56,'G.FERNANDEZ','$2y$10$T6YrvNvJ0iw2OHN6SE4jE.GfMtvKIAVklGC3BMQ6xdLggC7PlLx/e',1,3),(57,'J.MARCA','$2y$10$l1gzEztg8NTn3C.fYWTDC.BiOLFFJ.KIpEknmLTBk5muhSm0VVFCG',1,3),(58,'J.GIRONDA','$2y$10$gTEKC4dtod9B5NK1YEAl..mexzU3f6zpT5LaZkbVTRmLQGClKCRCW',1,3),(59,'L.CHUQUIMIA','$2y$10$96JVyiERdT4hkkFmqrtHru4ZFeRja/YtE3HRO4xSALcY87rHTYtIm',1,3),(60,'B.MONTOYA','$2y$10$J6tFb9BOeZUUP1gJO42hPO.6i/k7tq0Abs5nBV/rp17r1qn.mPbnS',1,3),(61,'R.CAVIÃ‘A','$2y$10$RQAH71TfpfAvdlHuPwXYLO6Le4gggmtaKzhLnj47Tgwmn9A8O07WO',1,3),(62,'M.GUARACHI','$2y$10$NrbTSqVd0wB5zirEfBTbduH.zUIbN181e21fJJkrB2qTXp3LL.NNq',1,3),(63,'C.CALLIZAYA','$2y$10$F1m6N4RjmLWkGawqUKJYJenw.Kuxory6ytJfFD7xXrdKLMqwEpkk.',1,3),(64,'J.SILVESTRE','$2y$10$z3l.AVRBdi5jWNPSdhhLG.rVH9c6SCCJ97D8/uWnBgHMtCpYOsggm',1,3),(65,'F.GUAMAN','$2y$10$LxXqnbZDyClbN50usHq3iujvTqWg5zLhwoRxJC2yNGGxlVLNiwYPq',1,3),(66,'I.QUISPE','$2y$10$kouq7XIRxSGmPl4VbjuqluY84ri2q69oDOTB/9Gp4YMG0D/sJvt56',1,3),(67,'M.CONDORI','$2y$10$m4nZX6/jnqMWAS5JPZ1h8e.ZZ5z7XV5d5ijaLtgCRRfdtYIumqsC2',1,3);

/* Procedure structure for procedure `listadelCurso` */

/*!50003 DROP PROCEDURE IF EXISTS  `listadelCurso` */;

DELIMITER $$

/*!50003 CREATE DEFINER=`root`@`localhost` PROCEDURE `listadelCurso`(IN idc BIGINT)
BEGIN
  SELECT 
    CONCAT(
      e.nombre,
      ' ',
      e.paterno,
      ' ',
      e.materno
    ) AS nombre_completo,
    e.sexo,
    e.fecha_nac,
    e.id_rude 
  FROM
    estudiante e,
    curso c,
    kardex k 
  WHERE c.id_curso = k.id_curso 
    AND e.id_rude = k.id_rude 
    AND c.id_curso = idc ;
END */$$
DELIMITER ;

/*!40101 SET SQL_MODE=@OLD_SQL_MODE */;
/*!40014 SET FOREIGN_KEY_CHECKS=@OLD_FOREIGN_KEY_CHECKS */;
/*!40014 SET UNIQUE_CHECKS=@OLD_UNIQUE_CHECKS */;
/*!40111 SET SQL_NOTES=@OLD_SQL_NOTES */;
